
	<!DOCTYPE project [
		<!ELEMENT project (objectids-table | current-scenario | duration | aggregation-period | truncated-mean | percentile)* >
	
		<!ELEMENT objectids-table (objectids-entry)* >
		<!ELEMENT objectids-entry (#PCDATA)>
		<!ELEMENT duration (#PCDATA)>
		<!ELEMENT truncated-mean (#PCDATA)>
		<!ELEMENT percentile (#PCDATA)>
		<!ELEMENT aggregation-period (#PCDATA)>
		<!ELEMENT current-scenario (#PCDATA)>
		<!ATTLIST duration
		    value CDATA #REQUIRED>
	    <!ATTLIST aggregation-period
		    value CDATA #REQUIRED>
		<!ATTLIST objectids-entry
		    objectid CDATA #REQUIRED
		    type CDATA #REQUIRED
		    value CDATA #REQUIRED
		    key CDATA #REQUIRED>
		<!ATTLIST truncated-mean
		    centered-interval CDATA #REQUIRED
		    percentage CDATA #REQUIRED>
		 <!ATTLIST percentile
		    percentage CDATA #REQUIRED>
	]>


<!--****** RUNTIME PROJECT ******--><project>
<!--****** CURRENT SCENARIO ******-->
<current-scenario>WANImpact Local</current-scenario>
<!--****** OBJECTIDS ******-->
<objectids-table>
<objectids-entry key="" objectid="0" type="LG_HOST" value="localhost:7100"/>
<objectids-entry key="" objectid="1" type="ZONE" value="Default zone"/>
<objectids-entry key="Default zone¤MyPopulationSmallCities¤" objectid="2" type="POPULATION" value="MyPopulationSmallCities"/>
<objectids-entry key="Default zone¤MyPopulationSmallCities¤MyiPhoneUser_Create_report" objectid="3" type="VIRTUAL_USER" value="MyiPhoneUser_Create_report"/>
<objectids-entry key="Default zone¤MyPopulationSmallCities¤MyiPhoneUser_Create_report" objectid="4" type="BASIC_LOGICAL_CONTAINER" value="$parent=MyiPhoneUser_Create_report;$index=0"/>
<objectids-entry key="Default zone¤MyPopulationSmallCities¤MyiPhoneUser_Create_report" objectid="5" type="BASIC_LOGICAL_CONTAINER" value="$parent=MyiPhoneUser_Create_report;$index=1"/>
<objectids-entry key="Default zone¤MyPopulationSmallCities¤MyiPhoneUser_Create_report" objectid="6" type="BASIC_LOGICAL_CONTAINER" value="053d1f29-a4fe-45bd-903a-79a356d6b77f"/>
<objectids-entry key="Default zone¤MyPopulationSmallCities¤MyiPhoneUser_Create_report" objectid="7" type="HTTP_PAGE" value="79079e5a-cbbe-460d-af2f-5f67b65357a8"/>
<objectids-entry key="Default zone¤MyPopulationSmallCities¤MyiPhoneUser_Create_report" objectid="8" type="ACTION" value="e26b1d9d-71c9-4a16-b3fe-312ea9273e64"/>
<objectids-entry key="Default zone¤MyPopulationSmallCities¤MyiPhoneUser_Create_report¤e26b1d9d-71c9-4a16-b3fe-312ea9273e64" objectid="9" type="SLA_THRESHOLD" value="ac9fb959-22f7-442e-880c-1e1897856dea"/>
<objectids-entry key="Default zone¤MyPopulationSmallCities¤MyiPhoneUser_Create_report¤e26b1d9d-71c9-4a16-b3fe-312ea9273e64" objectid="10" type="SLA_THRESHOLD" value="41d1ab5b-377c-4b2b-a5ca-61f95638db87"/>
<objectids-entry key="Default zone¤MyPopulationSmallCities¤MyiPhoneUser_Create_report¤e26b1d9d-71c9-4a16-b3fe-312ea9273e64" objectid="11" type="SLA_THRESHOLD" value="83fd5e37-bee5-4c2d-ab38-8a15b74cc4a5"/>
<objectids-entry key="Default zone¤MyPopulationSmallCities¤MyiPhoneUser_Create_report¤e26b1d9d-71c9-4a16-b3fe-312ea9273e64" objectid="12" type="SLA_THRESHOLD" value="7cab301e-c84d-4bf2-8dd5-812612446d39"/>
<objectids-entry key="Default zone¤MyPopulationSmallCities¤MyiPhoneUser_Create_report¤e26b1d9d-71c9-4a16-b3fe-312ea9273e64" objectid="13" type="SLA_THRESHOLD" value="6e554b18-8552-4360-8f89-57872558d507"/>
<objectids-entry key="Default zone¤MyPopulationSmallCities¤MyiPhoneUser_Create_report¤e26b1d9d-71c9-4a16-b3fe-312ea9273e64" objectid="14" type="SLA_THRESHOLD" value="912362e4-ef57-459f-b41e-c3a4af194504"/>
<objectids-entry key="Default zone¤MyPopulationSmallCities¤MyiPhoneUser_Create_report¤e26b1d9d-71c9-4a16-b3fe-312ea9273e64" objectid="15" type="SLA_THRESHOLD" value="6c277ada-b78f-4ce0-af89-45e8d9bbca7a"/>
<objectids-entry key="Default zone¤MyPopulationSmallCities¤MyiPhoneUser_Create_report¤e26b1d9d-71c9-4a16-b3fe-312ea9273e64" objectid="16" type="SLA_THRESHOLD" value="6a59b246-755e-4ab0-ae9b-959be60e453f"/>
<objectids-entry key="Default zone¤MyPopulationSmallCities¤MyiPhoneUser_Create_report¤e26b1d9d-71c9-4a16-b3fe-312ea9273e64" objectid="17" type="SLA_THRESHOLD" value="8c3e834a-fddb-4d96-a62e-9bad659f8ab3"/>
<objectids-entry key="Default zone¤MyPopulationSmallCities¤MyiPhoneUser_Create_report¤e26b1d9d-71c9-4a16-b3fe-312ea9273e64" objectid="18" type="SLA_THRESHOLD" value="1d3c1701-9643-457d-b0b9-2b524875b48f"/>
<objectids-entry key="Default zone¤MyPopulationSmallCities¤MyiPhoneUser_Create_report¤e26b1d9d-71c9-4a16-b3fe-312ea9273e64" objectid="19" type="SLA_THRESHOLD" value="6c1d4dc2-8af8-40cd-be8b-97bfed9d56b9"/>
<objectids-entry key="Default zone¤MyPopulationSmallCities¤MyiPhoneUser_Create_report¤e26b1d9d-71c9-4a16-b3fe-312ea9273e64" objectid="20" type="SLA_THRESHOLD" value="e63ddd5c-73f1-4a30-ba5e-91152c3e508a"/>
<objectids-entry key="Default zone¤MyPopulationSmallCities¤MyiPhoneUser_Create_report¤e26b1d9d-71c9-4a16-b3fe-312ea9273e64" objectid="21" type="SLA_THRESHOLD" value="1623fd56-0665-4bc5-b21d-b7215fd8825c"/>
<objectids-entry key="Default zone¤MyPopulationSmallCities¤MyiPhoneUser_Create_report¤e26b1d9d-71c9-4a16-b3fe-312ea9273e64" objectid="22" type="SLA_THRESHOLD" value="6e2f6bdf-e07f-42be-8263-45b7cd7c283b"/>
<objectids-entry key="Default zone¤MyPopulationSmallCities¤MyiPhoneUser_Create_report¤e26b1d9d-71c9-4a16-b3fe-312ea9273e64" objectid="23" type="SLA_THRESHOLD" value="6905e06a-4f7b-4887-9133-c1f4b56b943a"/>
<objectids-entry key="Default zone¤MyPopulationSmallCities¤MyiPhoneUser_Create_report¤053d1f29-a4fe-45bd-903a-79a356d6b77f" objectid="24" type="SLA_THRESHOLD" value="ac9fb959-22f7-442e-880c-1e1897856dea"/>
<objectids-entry key="Default zone¤MyPopulationSmallCities¤MyiPhoneUser_Create_report¤053d1f29-a4fe-45bd-903a-79a356d6b77f" objectid="25" type="SLA_THRESHOLD" value="41d1ab5b-377c-4b2b-a5ca-61f95638db87"/>
<objectids-entry key="Default zone¤MyPopulationSmallCities¤MyiPhoneUser_Create_report¤053d1f29-a4fe-45bd-903a-79a356d6b77f" objectid="26" type="SLA_THRESHOLD" value="83fd5e37-bee5-4c2d-ab38-8a15b74cc4a5"/>
<objectids-entry key="Default zone¤MyPopulationSmallCities¤MyiPhoneUser_Create_report¤053d1f29-a4fe-45bd-903a-79a356d6b77f" objectid="27" type="SLA_THRESHOLD" value="7cab301e-c84d-4bf2-8dd5-812612446d39"/>
<objectids-entry key="Default zone¤MyPopulationSmallCities¤MyiPhoneUser_Create_report¤053d1f29-a4fe-45bd-903a-79a356d6b77f" objectid="28" type="SLA_THRESHOLD" value="6e554b18-8552-4360-8f89-57872558d507"/>
<objectids-entry key="Default zone¤MyPopulationSmallCities¤MyiPhoneUser_Create_report¤053d1f29-a4fe-45bd-903a-79a356d6b77f" objectid="29" type="SLA_THRESHOLD" value="912362e4-ef57-459f-b41e-c3a4af194504"/>
<objectids-entry key="Default zone¤MyPopulationSmallCities¤MyiPhoneUser_Create_report¤053d1f29-a4fe-45bd-903a-79a356d6b77f" objectid="30" type="SLA_THRESHOLD" value="6c277ada-b78f-4ce0-af89-45e8d9bbca7a"/>
<objectids-entry key="Default zone¤MyPopulationSmallCities¤MyiPhoneUser_Create_report¤053d1f29-a4fe-45bd-903a-79a356d6b77f" objectid="31" type="SLA_THRESHOLD" value="6a59b246-755e-4ab0-ae9b-959be60e453f"/>
<objectids-entry key="Default zone¤MyPopulationSmallCities¤MyiPhoneUser_Create_report¤053d1f29-a4fe-45bd-903a-79a356d6b77f" objectid="32" type="SLA_THRESHOLD" value="8c3e834a-fddb-4d96-a62e-9bad659f8ab3"/>
<objectids-entry key="Default zone¤MyPopulationSmallCities¤MyiPhoneUser_Create_report¤053d1f29-a4fe-45bd-903a-79a356d6b77f" objectid="33" type="SLA_THRESHOLD" value="1d3c1701-9643-457d-b0b9-2b524875b48f"/>
<objectids-entry key="Default zone¤MyPopulationSmallCities¤MyiPhoneUser_Create_report¤053d1f29-a4fe-45bd-903a-79a356d6b77f" objectid="34" type="SLA_THRESHOLD" value="6c1d4dc2-8af8-40cd-be8b-97bfed9d56b9"/>
<objectids-entry key="Default zone¤MyPopulationSmallCities¤MyiPhoneUser_Create_report¤053d1f29-a4fe-45bd-903a-79a356d6b77f" objectid="35" type="SLA_THRESHOLD" value="e63ddd5c-73f1-4a30-ba5e-91152c3e508a"/>
<objectids-entry key="Default zone¤MyPopulationSmallCities¤MyiPhoneUser_Create_report¤053d1f29-a4fe-45bd-903a-79a356d6b77f" objectid="36" type="SLA_THRESHOLD" value="1623fd56-0665-4bc5-b21d-b7215fd8825c"/>
<objectids-entry key="Default zone¤MyPopulationSmallCities¤MyiPhoneUser_Create_report¤053d1f29-a4fe-45bd-903a-79a356d6b77f" objectid="37" type="SLA_THRESHOLD" value="6e2f6bdf-e07f-42be-8263-45b7cd7c283b"/>
<objectids-entry key="Default zone¤MyPopulationSmallCities¤MyiPhoneUser_Create_report¤053d1f29-a4fe-45bd-903a-79a356d6b77f" objectid="38" type="SLA_THRESHOLD" value="6905e06a-4f7b-4887-9133-c1f4b56b943a"/>
<objectids-entry key="Default zone¤MyPopulationSmallCities¤MyiPhoneUser_Create_report" objectid="39" type="BASIC_LOGICAL_CONTAINER" value="$parent=MyiPhoneUser_Create_report;$index=2"/>
<objectids-entry key="Default zone¤MyPopulationSmallCities¤BrowserUser_Create_report" objectid="40" type="VIRTUAL_USER" value="BrowserUser_Create_report"/>
<objectids-entry key="Default zone¤MyPopulationSmallCities¤BrowserUser_Create_report" objectid="41" type="BASIC_LOGICAL_CONTAINER" value="$parent=BrowserUser_Create_report;$index=0"/>
<objectids-entry key="Default zone¤MyPopulationSmallCities¤BrowserUser_Create_report" objectid="42" type="BASIC_LOGICAL_CONTAINER" value="$parent=BrowserUser_Create_report;$index=1"/>
<objectids-entry key="Default zone¤MyPopulationSmallCities¤BrowserUser_Create_report" objectid="43" type="BASIC_LOGICAL_CONTAINER" value="f18b10f8-9f51-44ac-b17d-22eed776ab27"/>
<objectids-entry key="Default zone¤MyPopulationSmallCities¤BrowserUser_Create_report" objectid="44" type="HTTP_PAGE" value="a68ee0ca-779c-4ae3-a61c-95147c0ce9ea"/>
<objectids-entry key="Default zone¤MyPopulationSmallCities¤BrowserUser_Create_report" objectid="45" type="ACTION" value="6c760c12-5cc3-42b1-b7da-f0469f833c77"/>
<objectids-entry key="Default zone¤MyPopulationSmallCities¤BrowserUser_Create_report" objectid="46" type="ACTION" value="a4bed45a-06b2-48e1-94fd-3ea979e4f360"/>
<objectids-entry key="Default zone¤MyPopulationSmallCities¤BrowserUser_Create_report" objectid="47" type="ACTION" value="abf39cd8-02ca-49ae-be21-fab7147a2896"/>
<objectids-entry key="Default zone¤MyPopulationSmallCities¤BrowserUser_Create_report" objectid="48" type="ACTION" value="5e8810dc-deff-4561-96cc-2b4e3d78c615"/>
<objectids-entry key="Default zone¤MyPopulationSmallCities¤BrowserUser_Create_report" objectid="49" type="ACTION" value="6d0eeb00-c10f-445b-b7f4-d12fa5a5e35e"/>
<objectids-entry key="Default zone¤MyPopulationSmallCities¤BrowserUser_Create_report" objectid="50" type="ACTION" value="eed1dca5-b0d3-4e19-878f-f7e37558bc4b"/>
<objectids-entry key="Default zone¤MyPopulationSmallCities¤BrowserUser_Create_report" objectid="51" type="ACTION" value="79af6627-f508-4a2b-b82a-6613d39d0af5"/>
<objectids-entry key="Default zone¤MyPopulationSmallCities¤BrowserUser_Create_report" objectid="52" type="ACTION" value="89f4f5c8-3a9b-4b25-84bb-5affb5470ae6"/>
<objectids-entry key="Default zone¤MyPopulationSmallCities¤BrowserUser_Create_report" objectid="53" type="ACTION" value="e1318b97-f215-41e6-9d63-016e2cc488f7"/>
<objectids-entry key="Default zone¤MyPopulationSmallCities¤BrowserUser_Create_report" objectid="54" type="ACTION" value="cceaae47-4ff9-455e-abd1-50362e253963"/>
<objectids-entry key="Default zone¤MyPopulationSmallCities¤BrowserUser_Create_report" objectid="55" type="ACTION" value="b8bfc48e-b7ed-48f8-b5ea-404d3faf15cb"/>
<objectids-entry key="Default zone¤MyPopulationSmallCities¤BrowserUser_Create_report" objectid="56" type="ACTION" value="e43f0739-1409-4b89-8920-f26a13b36838"/>
<objectids-entry key="Default zone¤MyPopulationSmallCities¤BrowserUser_Create_report" objectid="57" type="ACTION" value="b6715139-2ceb-4940-baa7-6d7842dbf68b"/>
<objectids-entry key="Default zone¤MyPopulationSmallCities¤BrowserUser_Create_report" objectid="58" type="ACTION" value="03f084cd-b579-4284-97fc-8901cdb9f58c"/>
<objectids-entry key="Default zone¤MyPopulationSmallCities¤BrowserUser_Create_report" objectid="59" type="ACTION" value="8af9e2a2-b5c1-4441-be58-e92908db7f48"/>
<objectids-entry key="Default zone¤MyPopulationSmallCities¤BrowserUser_Create_report" objectid="60" type="ACTION" value="6143e73a-0c7b-4041-ba40-4a980c313682"/>
<objectids-entry key="Default zone¤MyPopulationSmallCities¤BrowserUser_Create_report" objectid="61" type="ACTION" value="e5130016-61f6-4d6d-ad10-449fe255daae"/>
<objectids-entry key="Default zone¤MyPopulationSmallCities¤BrowserUser_Create_report" objectid="62" type="ACTION" value="6870615d-de4c-4c27-8520-0052a705f943"/>
<objectids-entry key="Default zone¤MyPopulationSmallCities¤BrowserUser_Create_report" objectid="63" type="ACTION" value="b649efd9-74df-4c2d-94a6-9c96bd90d4ef"/>
<objectids-entry key="Default zone¤MyPopulationSmallCities¤BrowserUser_Create_report" objectid="64" type="HTTP_PAGE" value="55dfd0b3-1893-4a23-b0e5-a2305f247feb"/>
<objectids-entry key="Default zone¤MyPopulationSmallCities¤BrowserUser_Create_report" objectid="65" type="ACTION" value="f738362a-399e-449d-be46-eef2699846ff"/>
<objectids-entry key="Default zone¤MyPopulationSmallCities¤BrowserUser_Create_report" objectid="66" type="ACTION" value="bf3a364c-37e7-4ae6-b4a7-c093a8f33bc4"/>
<objectids-entry key="Default zone¤MyPopulationSmallCities¤BrowserUser_Create_report" objectid="67" type="ACTION" value="e13c23d2-c21a-4162-9390-b88f4a7f7aeb"/>
<objectids-entry key="Default zone¤MyPopulationSmallCities¤BrowserUser_Create_report" objectid="68" type="ACTION" value="77205913-818f-4ef5-9953-4fe9cc85e9cf"/>
<objectids-entry key="Default zone¤MyPopulationSmallCities¤BrowserUser_Create_report" objectid="69" type="ACTION" value="0c507973-9d6b-48d0-b138-49619c776cf1"/>
<objectids-entry key="Default zone¤MyPopulationSmallCities¤BrowserUser_Create_report" objectid="70" type="ACTION" value="0ea665c7-747d-4160-af07-3471ba9d2e27"/>
<objectids-entry key="Default zone¤MyPopulationSmallCities¤BrowserUser_Create_report" objectid="71" type="ACTION" value="1eafe066-ef77-43dd-8724-970199aa963f"/>
<objectids-entry key="Default zone¤MyPopulationSmallCities¤BrowserUser_Create_report" objectid="72" type="ACTION" value="6450c72d-da53-41aa-8c54-cbf6b06794b7"/>
<objectids-entry key="Default zone¤MyPopulationSmallCities¤BrowserUser_Create_report" objectid="73" type="ACTION" value="452cf1ee-4322-4660-bba3-78e6522411e3"/>
<objectids-entry key="Default zone¤MyPopulationSmallCities¤BrowserUser_Create_report" objectid="74" type="ACTION" value="80fb9f26-e511-4320-91b5-d7fc638836d4"/>
<objectids-entry key="Default zone¤MyPopulationSmallCities¤BrowserUser_Create_report" objectid="75" type="ACTION" value="8ff6205a-0c2f-43f5-9c46-25133a0793bd"/>
<objectids-entry key="Default zone¤MyPopulationSmallCities¤BrowserUser_Create_report" objectid="76" type="ACTION" value="21e55107-ee6f-4920-83fc-e1cd02812f66"/>
<objectids-entry key="Default zone¤MyPopulationSmallCities¤BrowserUser_Create_report" objectid="77" type="ACTION" value="540fcdb8-305e-4252-b00d-3ef4989ded6f"/>
<objectids-entry key="Default zone¤MyPopulationSmallCities¤BrowserUser_Create_report¤f18b10f8-9f51-44ac-b17d-22eed776ab27" objectid="78" type="SLA_THRESHOLD" value="ac9fb959-22f7-442e-880c-1e1897856dea"/>
<objectids-entry key="Default zone¤MyPopulationSmallCities¤BrowserUser_Create_report¤f18b10f8-9f51-44ac-b17d-22eed776ab27" objectid="79" type="SLA_THRESHOLD" value="41d1ab5b-377c-4b2b-a5ca-61f95638db87"/>
<objectids-entry key="Default zone¤MyPopulationSmallCities¤BrowserUser_Create_report¤f18b10f8-9f51-44ac-b17d-22eed776ab27" objectid="80" type="SLA_THRESHOLD" value="83fd5e37-bee5-4c2d-ab38-8a15b74cc4a5"/>
<objectids-entry key="Default zone¤MyPopulationSmallCities¤BrowserUser_Create_report¤f18b10f8-9f51-44ac-b17d-22eed776ab27" objectid="81" type="SLA_THRESHOLD" value="7cab301e-c84d-4bf2-8dd5-812612446d39"/>
<objectids-entry key="Default zone¤MyPopulationSmallCities¤BrowserUser_Create_report¤f18b10f8-9f51-44ac-b17d-22eed776ab27" objectid="82" type="SLA_THRESHOLD" value="6e554b18-8552-4360-8f89-57872558d507"/>
<objectids-entry key="Default zone¤MyPopulationSmallCities¤BrowserUser_Create_report¤f18b10f8-9f51-44ac-b17d-22eed776ab27" objectid="83" type="SLA_THRESHOLD" value="912362e4-ef57-459f-b41e-c3a4af194504"/>
<objectids-entry key="Default zone¤MyPopulationSmallCities¤BrowserUser_Create_report¤f18b10f8-9f51-44ac-b17d-22eed776ab27" objectid="84" type="SLA_THRESHOLD" value="6c277ada-b78f-4ce0-af89-45e8d9bbca7a"/>
<objectids-entry key="Default zone¤MyPopulationSmallCities¤BrowserUser_Create_report¤f18b10f8-9f51-44ac-b17d-22eed776ab27" objectid="85" type="SLA_THRESHOLD" value="6a59b246-755e-4ab0-ae9b-959be60e453f"/>
<objectids-entry key="Default zone¤MyPopulationSmallCities¤BrowserUser_Create_report¤f18b10f8-9f51-44ac-b17d-22eed776ab27" objectid="86" type="SLA_THRESHOLD" value="8c3e834a-fddb-4d96-a62e-9bad659f8ab3"/>
<objectids-entry key="Default zone¤MyPopulationSmallCities¤BrowserUser_Create_report¤f18b10f8-9f51-44ac-b17d-22eed776ab27" objectid="87" type="SLA_THRESHOLD" value="1d3c1701-9643-457d-b0b9-2b524875b48f"/>
<objectids-entry key="Default zone¤MyPopulationSmallCities¤BrowserUser_Create_report¤f18b10f8-9f51-44ac-b17d-22eed776ab27" objectid="88" type="SLA_THRESHOLD" value="6c1d4dc2-8af8-40cd-be8b-97bfed9d56b9"/>
<objectids-entry key="Default zone¤MyPopulationSmallCities¤BrowserUser_Create_report¤f18b10f8-9f51-44ac-b17d-22eed776ab27" objectid="89" type="SLA_THRESHOLD" value="e63ddd5c-73f1-4a30-ba5e-91152c3e508a"/>
<objectids-entry key="Default zone¤MyPopulationSmallCities¤BrowserUser_Create_report¤f18b10f8-9f51-44ac-b17d-22eed776ab27" objectid="90" type="SLA_THRESHOLD" value="1623fd56-0665-4bc5-b21d-b7215fd8825c"/>
<objectids-entry key="Default zone¤MyPopulationSmallCities¤BrowserUser_Create_report¤f18b10f8-9f51-44ac-b17d-22eed776ab27" objectid="91" type="SLA_THRESHOLD" value="6e2f6bdf-e07f-42be-8263-45b7cd7c283b"/>
<objectids-entry key="Default zone¤MyPopulationSmallCities¤BrowserUser_Create_report¤f18b10f8-9f51-44ac-b17d-22eed776ab27" objectid="92" type="SLA_THRESHOLD" value="6905e06a-4f7b-4887-9133-c1f4b56b943a"/>
<objectids-entry key="Default zone¤MyPopulationSmallCities¤BrowserUser_Create_report" objectid="93" type="BASIC_LOGICAL_CONTAINER" value="339eb312-2a5a-44af-bb55-48176fc8c2a2"/>
<objectids-entry key="Default zone¤MyPopulationSmallCities¤BrowserUser_Create_report" objectid="94" type="HTTP_PAGE" value="a3e2c8c5-9319-488e-a64a-e6a0f22c4f05"/>
<objectids-entry key="Default zone¤MyPopulationSmallCities¤BrowserUser_Create_report" objectid="95" type="ACTION" value="c5d8fd2e-6e8f-47d5-8264-85e22469b023"/>
<objectids-entry key="Default zone¤MyPopulationSmallCities¤BrowserUser_Create_report" objectid="96" type="ACTION" value="d53927e5-9236-44fb-86e5-062c68fb0d90"/>
<objectids-entry key="Default zone¤MyPopulationSmallCities¤BrowserUser_Create_report" objectid="97" type="ACTION" value="d6c8b36a-a449-4e11-b9fa-06cb589a2300"/>
<objectids-entry key="Default zone¤MyPopulationSmallCities¤BrowserUser_Create_report" objectid="98" type="ACTION" value="60c41a80-8efc-4434-9af0-0f2d12f24fe5"/>
<objectids-entry key="Default zone¤MyPopulationSmallCities¤BrowserUser_Create_report" objectid="99" type="ACTION" value="7f02a55a-78ea-4de8-bf88-ef8b5ffe8d3e"/>
<objectids-entry key="Default zone¤MyPopulationSmallCities¤BrowserUser_Create_report" objectid="100" type="HTTP_PAGE" value="e5b68a53-f2fd-4340-b4ae-0d777af1d784"/>
<objectids-entry key="Default zone¤MyPopulationSmallCities¤BrowserUser_Create_report" objectid="101" type="ACTION" value="145494cb-d45a-4106-b9ea-5b12065aa9de"/>
<objectids-entry key="Default zone¤MyPopulationSmallCities¤BrowserUser_Create_report" objectid="102" type="ACTION" value="4d053b7e-f4e9-4ba9-a4d4-cf41fb7db526"/>
<objectids-entry key="Default zone¤MyPopulationSmallCities¤BrowserUser_Create_report" objectid="103" type="ACTION" value="ca48ddb6-62ce-4f94-94d9-7f5fa06aa262"/>
<objectids-entry key="Default zone¤MyPopulationSmallCities¤BrowserUser_Create_report" objectid="104" type="ACTION" value="f001e4d1-96ce-41ad-97c6-7d009d8c7709"/>
<objectids-entry key="Default zone¤MyPopulationSmallCities¤BrowserUser_Create_report" objectid="105" type="ACTION" value="269a00b9-25fa-4aa5-9481-d3ffde7b2ed7"/>
<objectids-entry key="Default zone¤MyPopulationSmallCities¤BrowserUser_Create_report" objectid="106" type="ACTION" value="83542c2d-df91-4c12-9cd4-8cbfc37969fe"/>
<objectids-entry key="Default zone¤MyPopulationSmallCities¤BrowserUser_Create_report" objectid="107" type="ACTION" value="41d18bc9-29d1-4d40-83d5-02df4d5a910f"/>
<objectids-entry key="Default zone¤MyPopulationSmallCities¤BrowserUser_Create_report" objectid="108" type="ACTION" value="4ac45422-29c9-406b-8466-d2386e14e41c"/>
<objectids-entry key="Default zone¤MyPopulationSmallCities¤BrowserUser_Create_report" objectid="109" type="ACTION" value="98774618-6ae4-4559-948a-7a3a681bcf7c"/>
<objectids-entry key="Default zone¤MyPopulationSmallCities¤BrowserUser_Create_report" objectid="110" type="ACTION" value="5cc24c58-e482-4565-8389-3b52746c9b2a"/>
<objectids-entry key="Default zone¤MyPopulationSmallCities¤BrowserUser_Create_report" objectid="111" type="ACTION" value="35cbb4f6-535c-42cc-a21c-e8225fe56d12"/>
<objectids-entry key="Default zone¤MyPopulationSmallCities¤BrowserUser_Create_report" objectid="112" type="ACTION" value="1da1a9b9-cf3b-4e85-9fb8-beee62c9288d"/>
<objectids-entry key="Default zone¤MyPopulationSmallCities¤BrowserUser_Create_report" objectid="113" type="ACTION" value="2f765873-7037-4394-9f04-dcf9b59982fb"/>
<objectids-entry key="Default zone¤MyPopulationSmallCities¤BrowserUser_Create_report" objectid="114" type="ACTION" value="23ac7001-79e2-4a33-89ac-a2df39fed7de"/>
<objectids-entry key="Default zone¤MyPopulationSmallCities¤BrowserUser_Create_report" objectid="115" type="ACTION" value="4d7c36cf-89b4-4110-b17b-f8098cd32cfa"/>
<objectids-entry key="Default zone¤MyPopulationSmallCities¤BrowserUser_Create_report" objectid="116" type="ACTION" value="7fc0586b-cb86-45ee-94b6-916fa45e8355"/>
<objectids-entry key="Default zone¤MyPopulationSmallCities¤BrowserUser_Create_report" objectid="117" type="ACTION" value="b38d09e4-0a71-433a-a979-a2a0d45d3f37"/>
<objectids-entry key="Default zone¤MyPopulationSmallCities¤BrowserUser_Create_report" objectid="118" type="ACTION" value="f5b9d1df-2fdc-4bb5-ac27-652ec4ae8d57"/>
<objectids-entry key="Default zone¤MyPopulationSmallCities¤BrowserUser_Create_report¤339eb312-2a5a-44af-bb55-48176fc8c2a2" objectid="119" type="SLA_THRESHOLD" value="ac9fb959-22f7-442e-880c-1e1897856dea"/>
<objectids-entry key="Default zone¤MyPopulationSmallCities¤BrowserUser_Create_report¤339eb312-2a5a-44af-bb55-48176fc8c2a2" objectid="120" type="SLA_THRESHOLD" value="41d1ab5b-377c-4b2b-a5ca-61f95638db87"/>
<objectids-entry key="Default zone¤MyPopulationSmallCities¤BrowserUser_Create_report¤339eb312-2a5a-44af-bb55-48176fc8c2a2" objectid="121" type="SLA_THRESHOLD" value="83fd5e37-bee5-4c2d-ab38-8a15b74cc4a5"/>
<objectids-entry key="Default zone¤MyPopulationSmallCities¤BrowserUser_Create_report¤339eb312-2a5a-44af-bb55-48176fc8c2a2" objectid="122" type="SLA_THRESHOLD" value="7cab301e-c84d-4bf2-8dd5-812612446d39"/>
<objectids-entry key="Default zone¤MyPopulationSmallCities¤BrowserUser_Create_report¤339eb312-2a5a-44af-bb55-48176fc8c2a2" objectid="123" type="SLA_THRESHOLD" value="6e554b18-8552-4360-8f89-57872558d507"/>
<objectids-entry key="Default zone¤MyPopulationSmallCities¤BrowserUser_Create_report¤339eb312-2a5a-44af-bb55-48176fc8c2a2" objectid="124" type="SLA_THRESHOLD" value="912362e4-ef57-459f-b41e-c3a4af194504"/>
<objectids-entry key="Default zone¤MyPopulationSmallCities¤BrowserUser_Create_report¤339eb312-2a5a-44af-bb55-48176fc8c2a2" objectid="125" type="SLA_THRESHOLD" value="6c277ada-b78f-4ce0-af89-45e8d9bbca7a"/>
<objectids-entry key="Default zone¤MyPopulationSmallCities¤BrowserUser_Create_report¤339eb312-2a5a-44af-bb55-48176fc8c2a2" objectid="126" type="SLA_THRESHOLD" value="6a59b246-755e-4ab0-ae9b-959be60e453f"/>
<objectids-entry key="Default zone¤MyPopulationSmallCities¤BrowserUser_Create_report¤339eb312-2a5a-44af-bb55-48176fc8c2a2" objectid="127" type="SLA_THRESHOLD" value="8c3e834a-fddb-4d96-a62e-9bad659f8ab3"/>
<objectids-entry key="Default zone¤MyPopulationSmallCities¤BrowserUser_Create_report¤339eb312-2a5a-44af-bb55-48176fc8c2a2" objectid="128" type="SLA_THRESHOLD" value="1d3c1701-9643-457d-b0b9-2b524875b48f"/>
<objectids-entry key="Default zone¤MyPopulationSmallCities¤BrowserUser_Create_report¤339eb312-2a5a-44af-bb55-48176fc8c2a2" objectid="129" type="SLA_THRESHOLD" value="6c1d4dc2-8af8-40cd-be8b-97bfed9d56b9"/>
<objectids-entry key="Default zone¤MyPopulationSmallCities¤BrowserUser_Create_report¤339eb312-2a5a-44af-bb55-48176fc8c2a2" objectid="130" type="SLA_THRESHOLD" value="e63ddd5c-73f1-4a30-ba5e-91152c3e508a"/>
<objectids-entry key="Default zone¤MyPopulationSmallCities¤BrowserUser_Create_report¤339eb312-2a5a-44af-bb55-48176fc8c2a2" objectid="131" type="SLA_THRESHOLD" value="1623fd56-0665-4bc5-b21d-b7215fd8825c"/>
<objectids-entry key="Default zone¤MyPopulationSmallCities¤BrowserUser_Create_report¤339eb312-2a5a-44af-bb55-48176fc8c2a2" objectid="132" type="SLA_THRESHOLD" value="6e2f6bdf-e07f-42be-8263-45b7cd7c283b"/>
<objectids-entry key="Default zone¤MyPopulationSmallCities¤BrowserUser_Create_report¤339eb312-2a5a-44af-bb55-48176fc8c2a2" objectid="133" type="SLA_THRESHOLD" value="6905e06a-4f7b-4887-9133-c1f4b56b943a"/>
<objectids-entry key="Default zone¤MyPopulationSmallCities¤BrowserUser_Create_report" objectid="134" type="TRY" value="ac76dca3-1144-49ca-bef0-c416322901e9"/>
<objectids-entry key="Default zone¤MyPopulationSmallCities¤BrowserUser_Create_report" objectid="135" type="BASIC_LOGICAL_CONTAINER" value="$parent=ac76dca3-1144-49ca-bef0-c416322901e9;$index=0"/>
<objectids-entry key="Default zone¤MyPopulationSmallCities¤BrowserUser_Create_report" objectid="136" type="BASIC_LOGICAL_CONTAINER" value="eb1cee2c-2f37-43f7-a2bd-92cc6990f92f"/>
<objectids-entry key="Default zone¤MyPopulationSmallCities¤BrowserUser_Create_report" objectid="137" type="HTTP_PAGE" value="f6609dac-58dd-49bc-8217-3448574263ab"/>
<objectids-entry key="Default zone¤MyPopulationSmallCities¤BrowserUser_Create_report" objectid="138" type="ACTION" value="c730fd77-d6c0-435d-90f6-f90e30a66075"/>
<objectids-entry key="Default zone¤MyPopulationSmallCities¤BrowserUser_Create_report" objectid="139" type="HTTP_PAGE" value="100f9a05-74f2-41bf-bade-ae1b9a5a5713"/>
<objectids-entry key="Default zone¤MyPopulationSmallCities¤BrowserUser_Create_report" objectid="140" type="ACTION" value="329bfdc5-d545-46a0-b900-d85952de7ccb"/>
<objectids-entry key="Default zone¤MyPopulationSmallCities¤BrowserUser_Create_report" objectid="141" type="ACTION" value="522c2504-5c12-4777-a929-d7600d50f70a"/>
<objectids-entry key="Default zone¤MyPopulationSmallCities¤BrowserUser_Create_report" objectid="142" type="ACTION" value="d38cc45e-add2-40b2-94bc-1078c5e038f0"/>
<objectids-entry key="Default zone¤MyPopulationSmallCities¤BrowserUser_Create_report¤eb1cee2c-2f37-43f7-a2bd-92cc6990f92f" objectid="143" type="SLA_THRESHOLD" value="ac9fb959-22f7-442e-880c-1e1897856dea"/>
<objectids-entry key="Default zone¤MyPopulationSmallCities¤BrowserUser_Create_report¤eb1cee2c-2f37-43f7-a2bd-92cc6990f92f" objectid="144" type="SLA_THRESHOLD" value="41d1ab5b-377c-4b2b-a5ca-61f95638db87"/>
<objectids-entry key="Default zone¤MyPopulationSmallCities¤BrowserUser_Create_report¤eb1cee2c-2f37-43f7-a2bd-92cc6990f92f" objectid="145" type="SLA_THRESHOLD" value="83fd5e37-bee5-4c2d-ab38-8a15b74cc4a5"/>
<objectids-entry key="Default zone¤MyPopulationSmallCities¤BrowserUser_Create_report¤eb1cee2c-2f37-43f7-a2bd-92cc6990f92f" objectid="146" type="SLA_THRESHOLD" value="7cab301e-c84d-4bf2-8dd5-812612446d39"/>
<objectids-entry key="Default zone¤MyPopulationSmallCities¤BrowserUser_Create_report¤eb1cee2c-2f37-43f7-a2bd-92cc6990f92f" objectid="147" type="SLA_THRESHOLD" value="6e554b18-8552-4360-8f89-57872558d507"/>
<objectids-entry key="Default zone¤MyPopulationSmallCities¤BrowserUser_Create_report¤eb1cee2c-2f37-43f7-a2bd-92cc6990f92f" objectid="148" type="SLA_THRESHOLD" value="912362e4-ef57-459f-b41e-c3a4af194504"/>
<objectids-entry key="Default zone¤MyPopulationSmallCities¤BrowserUser_Create_report¤eb1cee2c-2f37-43f7-a2bd-92cc6990f92f" objectid="149" type="SLA_THRESHOLD" value="6c277ada-b78f-4ce0-af89-45e8d9bbca7a"/>
<objectids-entry key="Default zone¤MyPopulationSmallCities¤BrowserUser_Create_report¤eb1cee2c-2f37-43f7-a2bd-92cc6990f92f" objectid="150" type="SLA_THRESHOLD" value="6a59b246-755e-4ab0-ae9b-959be60e453f"/>
<objectids-entry key="Default zone¤MyPopulationSmallCities¤BrowserUser_Create_report¤eb1cee2c-2f37-43f7-a2bd-92cc6990f92f" objectid="151" type="SLA_THRESHOLD" value="8c3e834a-fddb-4d96-a62e-9bad659f8ab3"/>
<objectids-entry key="Default zone¤MyPopulationSmallCities¤BrowserUser_Create_report¤eb1cee2c-2f37-43f7-a2bd-92cc6990f92f" objectid="152" type="SLA_THRESHOLD" value="1d3c1701-9643-457d-b0b9-2b524875b48f"/>
<objectids-entry key="Default zone¤MyPopulationSmallCities¤BrowserUser_Create_report¤eb1cee2c-2f37-43f7-a2bd-92cc6990f92f" objectid="153" type="SLA_THRESHOLD" value="6c1d4dc2-8af8-40cd-be8b-97bfed9d56b9"/>
<objectids-entry key="Default zone¤MyPopulationSmallCities¤BrowserUser_Create_report¤eb1cee2c-2f37-43f7-a2bd-92cc6990f92f" objectid="154" type="SLA_THRESHOLD" value="e63ddd5c-73f1-4a30-ba5e-91152c3e508a"/>
<objectids-entry key="Default zone¤MyPopulationSmallCities¤BrowserUser_Create_report¤eb1cee2c-2f37-43f7-a2bd-92cc6990f92f" objectid="155" type="SLA_THRESHOLD" value="1623fd56-0665-4bc5-b21d-b7215fd8825c"/>
<objectids-entry key="Default zone¤MyPopulationSmallCities¤BrowserUser_Create_report¤eb1cee2c-2f37-43f7-a2bd-92cc6990f92f" objectid="156" type="SLA_THRESHOLD" value="6e2f6bdf-e07f-42be-8263-45b7cd7c283b"/>
<objectids-entry key="Default zone¤MyPopulationSmallCities¤BrowserUser_Create_report¤eb1cee2c-2f37-43f7-a2bd-92cc6990f92f" objectid="157" type="SLA_THRESHOLD" value="6905e06a-4f7b-4887-9133-c1f4b56b943a"/>
<objectids-entry key="Default zone¤MyPopulationSmallCities¤BrowserUser_Create_report" objectid="158" type="BASIC_LOGICAL_CONTAINER" value="$parent=ac76dca3-1144-49ca-bef0-c416322901e9;$index=1"/>
<objectids-entry key="Default zone¤MyPopulationSmallCities¤BrowserUser_Create_report" objectid="159" type="GO_TO_NEXT_ITERATION" value="ce99fcea-8a1f-42a7-b4eb-341ea6db9cbc"/>
<objectids-entry key="Default zone¤MyPopulationSmallCities¤BrowserUser_Create_report" objectid="160" type="BASIC_LOGICAL_CONTAINER" value="8dbff581-f7d7-4dc1-98f3-b2a77061d82a"/>
<objectids-entry key="Default zone¤MyPopulationSmallCities¤BrowserUser_Create_report" objectid="161" type="HTTP_PAGE" value="108869bf-2246-4bff-9f55-26349cd0b4d7"/>
<objectids-entry key="Default zone¤MyPopulationSmallCities¤BrowserUser_Create_report" objectid="162" type="ACTION" value="45022b78-b49b-4ad3-9f61-2835ded9fba8"/>
<objectids-entry key="Default zone¤MyPopulationSmallCities¤BrowserUser_Create_report" objectid="163" type="ACTION" value="dcfcbe85-522e-4f93-9e58-6fcb95c37038"/>
<objectids-entry key="Default zone¤MyPopulationSmallCities¤BrowserUser_Create_report" objectid="164" type="ACTION" value="be943a2e-2899-4bc1-9510-64b189454758"/>
<objectids-entry key="Default zone¤MyPopulationSmallCities¤BrowserUser_Create_report" objectid="165" type="ACTION" value="c6ef6dcc-3208-4e7b-9268-47d6f60d8840"/>
<objectids-entry key="Default zone¤MyPopulationSmallCities¤BrowserUser_Create_report" objectid="166" type="ACTION" value="e3fcf712-f25f-45ae-920c-af23775c94a1"/>
<objectids-entry key="Default zone¤MyPopulationSmallCities¤BrowserUser_Create_report" objectid="167" type="ACTION" value="58981476-bc90-4cc0-8acf-ca2028483085"/>
<objectids-entry key="Default zone¤MyPopulationSmallCities¤BrowserUser_Create_report" objectid="168" type="ACTION" value="a52eb43d-cbd8-47c1-8003-bc003af62b24"/>
<objectids-entry key="Default zone¤MyPopulationSmallCities¤BrowserUser_Create_report" objectid="169" type="ACTION" value="090af3cd-bbcf-4302-8205-63ebdaadc008"/>
<objectids-entry key="Default zone¤MyPopulationSmallCities¤BrowserUser_Create_report" objectid="170" type="ACTION" value="54cd0f36-1a0b-45f7-8744-9dc4b13d1712"/>
<objectids-entry key="Default zone¤MyPopulationSmallCities¤BrowserUser_Create_report" objectid="171" type="ACTION" value="fa15f87a-e26d-4c2c-a636-33ec6880599d"/>
<objectids-entry key="Default zone¤MyPopulationSmallCities¤BrowserUser_Create_report" objectid="172" type="ACTION" value="e8cee871-56eb-45f0-abc8-87498474aca8"/>
<objectids-entry key="Default zone¤MyPopulationSmallCities¤BrowserUser_Create_report" objectid="173" type="ACTION" value="9ccc1882-44e3-4123-bde3-26d7d6ab3b19"/>
<objectids-entry key="Default zone¤MyPopulationSmallCities¤BrowserUser_Create_report" objectid="174" type="ACTION" value="680be502-7b1d-4505-ab52-557d38ef666d"/>
<objectids-entry key="Default zone¤MyPopulationSmallCities¤BrowserUser_Create_report" objectid="175" type="ACTION" value="1b5458fd-5c81-4aca-93af-884ef595ecf6"/>
<objectids-entry key="Default zone¤MyPopulationSmallCities¤BrowserUser_Create_report" objectid="176" type="ACTION" value="2b99a424-e0d5-4353-9edb-8c5728d65e27"/>
<objectids-entry key="Default zone¤MyPopulationSmallCities¤BrowserUser_Create_report" objectid="177" type="ACTION" value="764da50a-bb18-46a6-aca3-1f020e65e470"/>
<objectids-entry key="Default zone¤MyPopulationSmallCities¤BrowserUser_Create_report" objectid="178" type="ACTION" value="6972cc33-9341-44eb-a7c8-f13137d60a14"/>
<objectids-entry key="Default zone¤MyPopulationSmallCities¤BrowserUser_Create_report" objectid="179" type="ACTION" value="453b2b01-5f2b-4ad1-b437-6986f19a4378"/>
<objectids-entry key="Default zone¤MyPopulationSmallCities¤BrowserUser_Create_report" objectid="180" type="ACTION" value="9adb1ea9-29b0-4748-b7b2-cee426b8f701"/>
<objectids-entry key="Default zone¤MyPopulationSmallCities¤BrowserUser_Create_report¤8dbff581-f7d7-4dc1-98f3-b2a77061d82a" objectid="181" type="SLA_THRESHOLD" value="ac9fb959-22f7-442e-880c-1e1897856dea"/>
<objectids-entry key="Default zone¤MyPopulationSmallCities¤BrowserUser_Create_report¤8dbff581-f7d7-4dc1-98f3-b2a77061d82a" objectid="182" type="SLA_THRESHOLD" value="41d1ab5b-377c-4b2b-a5ca-61f95638db87"/>
<objectids-entry key="Default zone¤MyPopulationSmallCities¤BrowserUser_Create_report¤8dbff581-f7d7-4dc1-98f3-b2a77061d82a" objectid="183" type="SLA_THRESHOLD" value="83fd5e37-bee5-4c2d-ab38-8a15b74cc4a5"/>
<objectids-entry key="Default zone¤MyPopulationSmallCities¤BrowserUser_Create_report¤8dbff581-f7d7-4dc1-98f3-b2a77061d82a" objectid="184" type="SLA_THRESHOLD" value="7cab301e-c84d-4bf2-8dd5-812612446d39"/>
<objectids-entry key="Default zone¤MyPopulationSmallCities¤BrowserUser_Create_report¤8dbff581-f7d7-4dc1-98f3-b2a77061d82a" objectid="185" type="SLA_THRESHOLD" value="6e554b18-8552-4360-8f89-57872558d507"/>
<objectids-entry key="Default zone¤MyPopulationSmallCities¤BrowserUser_Create_report¤8dbff581-f7d7-4dc1-98f3-b2a77061d82a" objectid="186" type="SLA_THRESHOLD" value="912362e4-ef57-459f-b41e-c3a4af194504"/>
<objectids-entry key="Default zone¤MyPopulationSmallCities¤BrowserUser_Create_report¤8dbff581-f7d7-4dc1-98f3-b2a77061d82a" objectid="187" type="SLA_THRESHOLD" value="6c277ada-b78f-4ce0-af89-45e8d9bbca7a"/>
<objectids-entry key="Default zone¤MyPopulationSmallCities¤BrowserUser_Create_report¤8dbff581-f7d7-4dc1-98f3-b2a77061d82a" objectid="188" type="SLA_THRESHOLD" value="6a59b246-755e-4ab0-ae9b-959be60e453f"/>
<objectids-entry key="Default zone¤MyPopulationSmallCities¤BrowserUser_Create_report¤8dbff581-f7d7-4dc1-98f3-b2a77061d82a" objectid="189" type="SLA_THRESHOLD" value="8c3e834a-fddb-4d96-a62e-9bad659f8ab3"/>
<objectids-entry key="Default zone¤MyPopulationSmallCities¤BrowserUser_Create_report¤8dbff581-f7d7-4dc1-98f3-b2a77061d82a" objectid="190" type="SLA_THRESHOLD" value="1d3c1701-9643-457d-b0b9-2b524875b48f"/>
<objectids-entry key="Default zone¤MyPopulationSmallCities¤BrowserUser_Create_report¤8dbff581-f7d7-4dc1-98f3-b2a77061d82a" objectid="191" type="SLA_THRESHOLD" value="6c1d4dc2-8af8-40cd-be8b-97bfed9d56b9"/>
<objectids-entry key="Default zone¤MyPopulationSmallCities¤BrowserUser_Create_report¤8dbff581-f7d7-4dc1-98f3-b2a77061d82a" objectid="192" type="SLA_THRESHOLD" value="e63ddd5c-73f1-4a30-ba5e-91152c3e508a"/>
<objectids-entry key="Default zone¤MyPopulationSmallCities¤BrowserUser_Create_report¤8dbff581-f7d7-4dc1-98f3-b2a77061d82a" objectid="193" type="SLA_THRESHOLD" value="1623fd56-0665-4bc5-b21d-b7215fd8825c"/>
<objectids-entry key="Default zone¤MyPopulationSmallCities¤BrowserUser_Create_report¤8dbff581-f7d7-4dc1-98f3-b2a77061d82a" objectid="194" type="SLA_THRESHOLD" value="6e2f6bdf-e07f-42be-8263-45b7cd7c283b"/>
<objectids-entry key="Default zone¤MyPopulationSmallCities¤BrowserUser_Create_report¤8dbff581-f7d7-4dc1-98f3-b2a77061d82a" objectid="195" type="SLA_THRESHOLD" value="6905e06a-4f7b-4887-9133-c1f4b56b943a"/>
<objectids-entry key="Default zone¤MyPopulationSmallCities¤BrowserUser_Create_report" objectid="196" type="BASIC_LOGICAL_CONTAINER" value="$parent=BrowserUser_Create_report;$index=2"/>
<objectids-entry key="Default zone¤MyPopulationBigCities¤" objectid="197" type="POPULATION" value="MyPopulationBigCities"/>
<objectids-entry key="Default zone¤MyPopulationBigCities¤MyiPhoneUser_Create_report" objectid="235" type="VIRTUAL_USER" value="MyiPhoneUser_Create_report"/>
<objectids-entry key="Default zone¤MyPopulationBigCities¤MyiPhoneUser_Create_report" objectid="236" type="BASIC_LOGICAL_CONTAINER" value="$parent=MyiPhoneUser_Create_report;$index=0"/>
<objectids-entry key="Default zone¤MyPopulationBigCities¤MyiPhoneUser_Create_report" objectid="237" type="BASIC_LOGICAL_CONTAINER" value="$parent=MyiPhoneUser_Create_report;$index=1"/>
<objectids-entry key="Default zone¤MyPopulationBigCities¤MyiPhoneUser_Create_report" objectid="238" type="BASIC_LOGICAL_CONTAINER" value="053d1f29-a4fe-45bd-903a-79a356d6b77f"/>
<objectids-entry key="Default zone¤MyPopulationBigCities¤MyiPhoneUser_Create_report" objectid="239" type="HTTP_PAGE" value="79079e5a-cbbe-460d-af2f-5f67b65357a8"/>
<objectids-entry key="Default zone¤MyPopulationBigCities¤MyiPhoneUser_Create_report" objectid="240" type="ACTION" value="e26b1d9d-71c9-4a16-b3fe-312ea9273e64"/>
<objectids-entry key="Default zone¤MyPopulationBigCities¤MyiPhoneUser_Create_report¤e26b1d9d-71c9-4a16-b3fe-312ea9273e64" objectid="241" type="SLA_THRESHOLD" value="ac9fb959-22f7-442e-880c-1e1897856dea"/>
<objectids-entry key="Default zone¤MyPopulationBigCities¤MyiPhoneUser_Create_report¤e26b1d9d-71c9-4a16-b3fe-312ea9273e64" objectid="242" type="SLA_THRESHOLD" value="41d1ab5b-377c-4b2b-a5ca-61f95638db87"/>
<objectids-entry key="Default zone¤MyPopulationBigCities¤MyiPhoneUser_Create_report¤e26b1d9d-71c9-4a16-b3fe-312ea9273e64" objectid="243" type="SLA_THRESHOLD" value="83fd5e37-bee5-4c2d-ab38-8a15b74cc4a5"/>
<objectids-entry key="Default zone¤MyPopulationBigCities¤MyiPhoneUser_Create_report¤e26b1d9d-71c9-4a16-b3fe-312ea9273e64" objectid="244" type="SLA_THRESHOLD" value="7cab301e-c84d-4bf2-8dd5-812612446d39"/>
<objectids-entry key="Default zone¤MyPopulationBigCities¤MyiPhoneUser_Create_report¤e26b1d9d-71c9-4a16-b3fe-312ea9273e64" objectid="245" type="SLA_THRESHOLD" value="6e554b18-8552-4360-8f89-57872558d507"/>
<objectids-entry key="Default zone¤MyPopulationBigCities¤MyiPhoneUser_Create_report¤e26b1d9d-71c9-4a16-b3fe-312ea9273e64" objectid="246" type="SLA_THRESHOLD" value="912362e4-ef57-459f-b41e-c3a4af194504"/>
<objectids-entry key="Default zone¤MyPopulationBigCities¤MyiPhoneUser_Create_report¤e26b1d9d-71c9-4a16-b3fe-312ea9273e64" objectid="247" type="SLA_THRESHOLD" value="6c277ada-b78f-4ce0-af89-45e8d9bbca7a"/>
<objectids-entry key="Default zone¤MyPopulationBigCities¤MyiPhoneUser_Create_report¤e26b1d9d-71c9-4a16-b3fe-312ea9273e64" objectid="248" type="SLA_THRESHOLD" value="6a59b246-755e-4ab0-ae9b-959be60e453f"/>
<objectids-entry key="Default zone¤MyPopulationBigCities¤MyiPhoneUser_Create_report¤e26b1d9d-71c9-4a16-b3fe-312ea9273e64" objectid="249" type="SLA_THRESHOLD" value="8c3e834a-fddb-4d96-a62e-9bad659f8ab3"/>
<objectids-entry key="Default zone¤MyPopulationBigCities¤MyiPhoneUser_Create_report¤e26b1d9d-71c9-4a16-b3fe-312ea9273e64" objectid="250" type="SLA_THRESHOLD" value="1d3c1701-9643-457d-b0b9-2b524875b48f"/>
<objectids-entry key="Default zone¤MyPopulationBigCities¤MyiPhoneUser_Create_report¤e26b1d9d-71c9-4a16-b3fe-312ea9273e64" objectid="251" type="SLA_THRESHOLD" value="6c1d4dc2-8af8-40cd-be8b-97bfed9d56b9"/>
<objectids-entry key="Default zone¤MyPopulationBigCities¤MyiPhoneUser_Create_report¤e26b1d9d-71c9-4a16-b3fe-312ea9273e64" objectid="252" type="SLA_THRESHOLD" value="e63ddd5c-73f1-4a30-ba5e-91152c3e508a"/>
<objectids-entry key="Default zone¤MyPopulationBigCities¤MyiPhoneUser_Create_report¤e26b1d9d-71c9-4a16-b3fe-312ea9273e64" objectid="253" type="SLA_THRESHOLD" value="1623fd56-0665-4bc5-b21d-b7215fd8825c"/>
<objectids-entry key="Default zone¤MyPopulationBigCities¤MyiPhoneUser_Create_report¤e26b1d9d-71c9-4a16-b3fe-312ea9273e64" objectid="254" type="SLA_THRESHOLD" value="6e2f6bdf-e07f-42be-8263-45b7cd7c283b"/>
<objectids-entry key="Default zone¤MyPopulationBigCities¤MyiPhoneUser_Create_report¤e26b1d9d-71c9-4a16-b3fe-312ea9273e64" objectid="255" type="SLA_THRESHOLD" value="6905e06a-4f7b-4887-9133-c1f4b56b943a"/>
<objectids-entry key="Default zone¤MyPopulationBigCities¤MyiPhoneUser_Create_report¤053d1f29-a4fe-45bd-903a-79a356d6b77f" objectid="256" type="SLA_THRESHOLD" value="ac9fb959-22f7-442e-880c-1e1897856dea"/>
<objectids-entry key="Default zone¤MyPopulationBigCities¤MyiPhoneUser_Create_report¤053d1f29-a4fe-45bd-903a-79a356d6b77f" objectid="257" type="SLA_THRESHOLD" value="41d1ab5b-377c-4b2b-a5ca-61f95638db87"/>
<objectids-entry key="Default zone¤MyPopulationBigCities¤MyiPhoneUser_Create_report¤053d1f29-a4fe-45bd-903a-79a356d6b77f" objectid="258" type="SLA_THRESHOLD" value="83fd5e37-bee5-4c2d-ab38-8a15b74cc4a5"/>
<objectids-entry key="Default zone¤MyPopulationBigCities¤MyiPhoneUser_Create_report¤053d1f29-a4fe-45bd-903a-79a356d6b77f" objectid="259" type="SLA_THRESHOLD" value="7cab301e-c84d-4bf2-8dd5-812612446d39"/>
<objectids-entry key="Default zone¤MyPopulationBigCities¤MyiPhoneUser_Create_report¤053d1f29-a4fe-45bd-903a-79a356d6b77f" objectid="260" type="SLA_THRESHOLD" value="6e554b18-8552-4360-8f89-57872558d507"/>
<objectids-entry key="Default zone¤MyPopulationBigCities¤MyiPhoneUser_Create_report¤053d1f29-a4fe-45bd-903a-79a356d6b77f" objectid="261" type="SLA_THRESHOLD" value="912362e4-ef57-459f-b41e-c3a4af194504"/>
<objectids-entry key="Default zone¤MyPopulationBigCities¤MyiPhoneUser_Create_report¤053d1f29-a4fe-45bd-903a-79a356d6b77f" objectid="262" type="SLA_THRESHOLD" value="6c277ada-b78f-4ce0-af89-45e8d9bbca7a"/>
<objectids-entry key="Default zone¤MyPopulationBigCities¤MyiPhoneUser_Create_report¤053d1f29-a4fe-45bd-903a-79a356d6b77f" objectid="263" type="SLA_THRESHOLD" value="6a59b246-755e-4ab0-ae9b-959be60e453f"/>
<objectids-entry key="Default zone¤MyPopulationBigCities¤MyiPhoneUser_Create_report¤053d1f29-a4fe-45bd-903a-79a356d6b77f" objectid="264" type="SLA_THRESHOLD" value="8c3e834a-fddb-4d96-a62e-9bad659f8ab3"/>
<objectids-entry key="Default zone¤MyPopulationBigCities¤MyiPhoneUser_Create_report¤053d1f29-a4fe-45bd-903a-79a356d6b77f" objectid="265" type="SLA_THRESHOLD" value="1d3c1701-9643-457d-b0b9-2b524875b48f"/>
<objectids-entry key="Default zone¤MyPopulationBigCities¤MyiPhoneUser_Create_report¤053d1f29-a4fe-45bd-903a-79a356d6b77f" objectid="266" type="SLA_THRESHOLD" value="6c1d4dc2-8af8-40cd-be8b-97bfed9d56b9"/>
<objectids-entry key="Default zone¤MyPopulationBigCities¤MyiPhoneUser_Create_report¤053d1f29-a4fe-45bd-903a-79a356d6b77f" objectid="267" type="SLA_THRESHOLD" value="e63ddd5c-73f1-4a30-ba5e-91152c3e508a"/>
<objectids-entry key="Default zone¤MyPopulationBigCities¤MyiPhoneUser_Create_report¤053d1f29-a4fe-45bd-903a-79a356d6b77f" objectid="268" type="SLA_THRESHOLD" value="1623fd56-0665-4bc5-b21d-b7215fd8825c"/>
<objectids-entry key="Default zone¤MyPopulationBigCities¤MyiPhoneUser_Create_report¤053d1f29-a4fe-45bd-903a-79a356d6b77f" objectid="269" type="SLA_THRESHOLD" value="6e2f6bdf-e07f-42be-8263-45b7cd7c283b"/>
<objectids-entry key="Default zone¤MyPopulationBigCities¤MyiPhoneUser_Create_report¤053d1f29-a4fe-45bd-903a-79a356d6b77f" objectid="270" type="SLA_THRESHOLD" value="6905e06a-4f7b-4887-9133-c1f4b56b943a"/>
<objectids-entry key="Default zone¤MyPopulationBigCities¤MyiPhoneUser_Create_report" objectid="271" type="BASIC_LOGICAL_CONTAINER" value="$parent=MyiPhoneUser_Create_report;$index=2"/>
<objectids-entry key="Default zone¤MyPopulationBigCities¤BrowserUser_Create_report" objectid="272" type="VIRTUAL_USER" value="BrowserUser_Create_report"/>
<objectids-entry key="Default zone¤MyPopulationBigCities¤BrowserUser_Create_report" objectid="273" type="BASIC_LOGICAL_CONTAINER" value="$parent=BrowserUser_Create_report;$index=0"/>
<objectids-entry key="Default zone¤MyPopulationBigCities¤BrowserUser_Create_report" objectid="274" type="BASIC_LOGICAL_CONTAINER" value="$parent=BrowserUser_Create_report;$index=1"/>
<objectids-entry key="Default zone¤MyPopulationBigCities¤BrowserUser_Create_report" objectid="275" type="BASIC_LOGICAL_CONTAINER" value="f18b10f8-9f51-44ac-b17d-22eed776ab27"/>
<objectids-entry key="Default zone¤MyPopulationBigCities¤BrowserUser_Create_report" objectid="276" type="HTTP_PAGE" value="a68ee0ca-779c-4ae3-a61c-95147c0ce9ea"/>
<objectids-entry key="Default zone¤MyPopulationBigCities¤BrowserUser_Create_report" objectid="277" type="ACTION" value="6c760c12-5cc3-42b1-b7da-f0469f833c77"/>
<objectids-entry key="Default zone¤MyPopulationBigCities¤BrowserUser_Create_report" objectid="278" type="ACTION" value="a4bed45a-06b2-48e1-94fd-3ea979e4f360"/>
<objectids-entry key="Default zone¤MyPopulationBigCities¤BrowserUser_Create_report" objectid="279" type="ACTION" value="abf39cd8-02ca-49ae-be21-fab7147a2896"/>
<objectids-entry key="Default zone¤MyPopulationBigCities¤BrowserUser_Create_report" objectid="280" type="ACTION" value="5e8810dc-deff-4561-96cc-2b4e3d78c615"/>
<objectids-entry key="Default zone¤MyPopulationBigCities¤BrowserUser_Create_report" objectid="281" type="ACTION" value="6d0eeb00-c10f-445b-b7f4-d12fa5a5e35e"/>
<objectids-entry key="Default zone¤MyPopulationBigCities¤BrowserUser_Create_report" objectid="282" type="ACTION" value="eed1dca5-b0d3-4e19-878f-f7e37558bc4b"/>
<objectids-entry key="Default zone¤MyPopulationBigCities¤BrowserUser_Create_report" objectid="283" type="ACTION" value="79af6627-f508-4a2b-b82a-6613d39d0af5"/>
<objectids-entry key="Default zone¤MyPopulationBigCities¤BrowserUser_Create_report" objectid="284" type="ACTION" value="89f4f5c8-3a9b-4b25-84bb-5affb5470ae6"/>
<objectids-entry key="Default zone¤MyPopulationBigCities¤BrowserUser_Create_report" objectid="285" type="ACTION" value="e1318b97-f215-41e6-9d63-016e2cc488f7"/>
<objectids-entry key="Default zone¤MyPopulationBigCities¤BrowserUser_Create_report" objectid="286" type="ACTION" value="cceaae47-4ff9-455e-abd1-50362e253963"/>
<objectids-entry key="Default zone¤MyPopulationBigCities¤BrowserUser_Create_report" objectid="287" type="ACTION" value="b8bfc48e-b7ed-48f8-b5ea-404d3faf15cb"/>
<objectids-entry key="Default zone¤MyPopulationBigCities¤BrowserUser_Create_report" objectid="288" type="ACTION" value="e43f0739-1409-4b89-8920-f26a13b36838"/>
<objectids-entry key="Default zone¤MyPopulationBigCities¤BrowserUser_Create_report" objectid="289" type="ACTION" value="b6715139-2ceb-4940-baa7-6d7842dbf68b"/>
<objectids-entry key="Default zone¤MyPopulationBigCities¤BrowserUser_Create_report" objectid="290" type="ACTION" value="03f084cd-b579-4284-97fc-8901cdb9f58c"/>
<objectids-entry key="Default zone¤MyPopulationBigCities¤BrowserUser_Create_report" objectid="291" type="ACTION" value="8af9e2a2-b5c1-4441-be58-e92908db7f48"/>
<objectids-entry key="Default zone¤MyPopulationBigCities¤BrowserUser_Create_report" objectid="292" type="ACTION" value="6143e73a-0c7b-4041-ba40-4a980c313682"/>
<objectids-entry key="Default zone¤MyPopulationBigCities¤BrowserUser_Create_report" objectid="293" type="ACTION" value="e5130016-61f6-4d6d-ad10-449fe255daae"/>
<objectids-entry key="Default zone¤MyPopulationBigCities¤BrowserUser_Create_report" objectid="294" type="ACTION" value="6870615d-de4c-4c27-8520-0052a705f943"/>
<objectids-entry key="Default zone¤MyPopulationBigCities¤BrowserUser_Create_report" objectid="295" type="ACTION" value="b649efd9-74df-4c2d-94a6-9c96bd90d4ef"/>
<objectids-entry key="Default zone¤MyPopulationBigCities¤BrowserUser_Create_report" objectid="296" type="HTTP_PAGE" value="55dfd0b3-1893-4a23-b0e5-a2305f247feb"/>
<objectids-entry key="Default zone¤MyPopulationBigCities¤BrowserUser_Create_report" objectid="297" type="ACTION" value="f738362a-399e-449d-be46-eef2699846ff"/>
<objectids-entry key="Default zone¤MyPopulationBigCities¤BrowserUser_Create_report" objectid="298" type="ACTION" value="bf3a364c-37e7-4ae6-b4a7-c093a8f33bc4"/>
<objectids-entry key="Default zone¤MyPopulationBigCities¤BrowserUser_Create_report" objectid="299" type="ACTION" value="e13c23d2-c21a-4162-9390-b88f4a7f7aeb"/>
<objectids-entry key="Default zone¤MyPopulationBigCities¤BrowserUser_Create_report" objectid="300" type="ACTION" value="77205913-818f-4ef5-9953-4fe9cc85e9cf"/>
<objectids-entry key="Default zone¤MyPopulationBigCities¤BrowserUser_Create_report" objectid="301" type="ACTION" value="0c507973-9d6b-48d0-b138-49619c776cf1"/>
<objectids-entry key="Default zone¤MyPopulationBigCities¤BrowserUser_Create_report" objectid="302" type="ACTION" value="0ea665c7-747d-4160-af07-3471ba9d2e27"/>
<objectids-entry key="Default zone¤MyPopulationBigCities¤BrowserUser_Create_report" objectid="303" type="ACTION" value="1eafe066-ef77-43dd-8724-970199aa963f"/>
<objectids-entry key="Default zone¤MyPopulationBigCities¤BrowserUser_Create_report" objectid="304" type="ACTION" value="6450c72d-da53-41aa-8c54-cbf6b06794b7"/>
<objectids-entry key="Default zone¤MyPopulationBigCities¤BrowserUser_Create_report" objectid="305" type="ACTION" value="452cf1ee-4322-4660-bba3-78e6522411e3"/>
<objectids-entry key="Default zone¤MyPopulationBigCities¤BrowserUser_Create_report" objectid="306" type="ACTION" value="80fb9f26-e511-4320-91b5-d7fc638836d4"/>
<objectids-entry key="Default zone¤MyPopulationBigCities¤BrowserUser_Create_report" objectid="307" type="ACTION" value="8ff6205a-0c2f-43f5-9c46-25133a0793bd"/>
<objectids-entry key="Default zone¤MyPopulationBigCities¤BrowserUser_Create_report" objectid="308" type="ACTION" value="21e55107-ee6f-4920-83fc-e1cd02812f66"/>
<objectids-entry key="Default zone¤MyPopulationBigCities¤BrowserUser_Create_report" objectid="309" type="ACTION" value="540fcdb8-305e-4252-b00d-3ef4989ded6f"/>
<objectids-entry key="Default zone¤MyPopulationBigCities¤BrowserUser_Create_report¤f18b10f8-9f51-44ac-b17d-22eed776ab27" objectid="310" type="SLA_THRESHOLD" value="ac9fb959-22f7-442e-880c-1e1897856dea"/>
<objectids-entry key="Default zone¤MyPopulationBigCities¤BrowserUser_Create_report¤f18b10f8-9f51-44ac-b17d-22eed776ab27" objectid="311" type="SLA_THRESHOLD" value="41d1ab5b-377c-4b2b-a5ca-61f95638db87"/>
<objectids-entry key="Default zone¤MyPopulationBigCities¤BrowserUser_Create_report¤f18b10f8-9f51-44ac-b17d-22eed776ab27" objectid="312" type="SLA_THRESHOLD" value="83fd5e37-bee5-4c2d-ab38-8a15b74cc4a5"/>
<objectids-entry key="Default zone¤MyPopulationBigCities¤BrowserUser_Create_report¤f18b10f8-9f51-44ac-b17d-22eed776ab27" objectid="313" type="SLA_THRESHOLD" value="7cab301e-c84d-4bf2-8dd5-812612446d39"/>
<objectids-entry key="Default zone¤MyPopulationBigCities¤BrowserUser_Create_report¤f18b10f8-9f51-44ac-b17d-22eed776ab27" objectid="314" type="SLA_THRESHOLD" value="6e554b18-8552-4360-8f89-57872558d507"/>
<objectids-entry key="Default zone¤MyPopulationBigCities¤BrowserUser_Create_report¤f18b10f8-9f51-44ac-b17d-22eed776ab27" objectid="315" type="SLA_THRESHOLD" value="912362e4-ef57-459f-b41e-c3a4af194504"/>
<objectids-entry key="Default zone¤MyPopulationBigCities¤BrowserUser_Create_report¤f18b10f8-9f51-44ac-b17d-22eed776ab27" objectid="316" type="SLA_THRESHOLD" value="6c277ada-b78f-4ce0-af89-45e8d9bbca7a"/>
<objectids-entry key="Default zone¤MyPopulationBigCities¤BrowserUser_Create_report¤f18b10f8-9f51-44ac-b17d-22eed776ab27" objectid="317" type="SLA_THRESHOLD" value="6a59b246-755e-4ab0-ae9b-959be60e453f"/>
<objectids-entry key="Default zone¤MyPopulationBigCities¤BrowserUser_Create_report¤f18b10f8-9f51-44ac-b17d-22eed776ab27" objectid="318" type="SLA_THRESHOLD" value="8c3e834a-fddb-4d96-a62e-9bad659f8ab3"/>
<objectids-entry key="Default zone¤MyPopulationBigCities¤BrowserUser_Create_report¤f18b10f8-9f51-44ac-b17d-22eed776ab27" objectid="319" type="SLA_THRESHOLD" value="1d3c1701-9643-457d-b0b9-2b524875b48f"/>
<objectids-entry key="Default zone¤MyPopulationBigCities¤BrowserUser_Create_report¤f18b10f8-9f51-44ac-b17d-22eed776ab27" objectid="320" type="SLA_THRESHOLD" value="6c1d4dc2-8af8-40cd-be8b-97bfed9d56b9"/>
<objectids-entry key="Default zone¤MyPopulationBigCities¤BrowserUser_Create_report¤f18b10f8-9f51-44ac-b17d-22eed776ab27" objectid="321" type="SLA_THRESHOLD" value="e63ddd5c-73f1-4a30-ba5e-91152c3e508a"/>
<objectids-entry key="Default zone¤MyPopulationBigCities¤BrowserUser_Create_report¤f18b10f8-9f51-44ac-b17d-22eed776ab27" objectid="322" type="SLA_THRESHOLD" value="1623fd56-0665-4bc5-b21d-b7215fd8825c"/>
<objectids-entry key="Default zone¤MyPopulationBigCities¤BrowserUser_Create_report¤f18b10f8-9f51-44ac-b17d-22eed776ab27" objectid="323" type="SLA_THRESHOLD" value="6e2f6bdf-e07f-42be-8263-45b7cd7c283b"/>
<objectids-entry key="Default zone¤MyPopulationBigCities¤BrowserUser_Create_report¤f18b10f8-9f51-44ac-b17d-22eed776ab27" objectid="324" type="SLA_THRESHOLD" value="6905e06a-4f7b-4887-9133-c1f4b56b943a"/>
<objectids-entry key="Default zone¤MyPopulationBigCities¤BrowserUser_Create_report" objectid="325" type="BASIC_LOGICAL_CONTAINER" value="339eb312-2a5a-44af-bb55-48176fc8c2a2"/>
<objectids-entry key="Default zone¤MyPopulationBigCities¤BrowserUser_Create_report" objectid="326" type="HTTP_PAGE" value="a3e2c8c5-9319-488e-a64a-e6a0f22c4f05"/>
<objectids-entry key="Default zone¤MyPopulationBigCities¤BrowserUser_Create_report" objectid="327" type="ACTION" value="c5d8fd2e-6e8f-47d5-8264-85e22469b023"/>
<objectids-entry key="Default zone¤MyPopulationBigCities¤BrowserUser_Create_report" objectid="328" type="ACTION" value="d53927e5-9236-44fb-86e5-062c68fb0d90"/>
<objectids-entry key="Default zone¤MyPopulationBigCities¤BrowserUser_Create_report" objectid="329" type="ACTION" value="d6c8b36a-a449-4e11-b9fa-06cb589a2300"/>
<objectids-entry key="Default zone¤MyPopulationBigCities¤BrowserUser_Create_report" objectid="330" type="ACTION" value="60c41a80-8efc-4434-9af0-0f2d12f24fe5"/>
<objectids-entry key="Default zone¤MyPopulationBigCities¤BrowserUser_Create_report" objectid="331" type="ACTION" value="7f02a55a-78ea-4de8-bf88-ef8b5ffe8d3e"/>
<objectids-entry key="Default zone¤MyPopulationBigCities¤BrowserUser_Create_report" objectid="332" type="HTTP_PAGE" value="e5b68a53-f2fd-4340-b4ae-0d777af1d784"/>
<objectids-entry key="Default zone¤MyPopulationBigCities¤BrowserUser_Create_report" objectid="333" type="ACTION" value="145494cb-d45a-4106-b9ea-5b12065aa9de"/>
<objectids-entry key="Default zone¤MyPopulationBigCities¤BrowserUser_Create_report" objectid="334" type="ACTION" value="4d053b7e-f4e9-4ba9-a4d4-cf41fb7db526"/>
<objectids-entry key="Default zone¤MyPopulationBigCities¤BrowserUser_Create_report" objectid="335" type="ACTION" value="ca48ddb6-62ce-4f94-94d9-7f5fa06aa262"/>
<objectids-entry key="Default zone¤MyPopulationBigCities¤BrowserUser_Create_report" objectid="336" type="ACTION" value="f001e4d1-96ce-41ad-97c6-7d009d8c7709"/>
<objectids-entry key="Default zone¤MyPopulationBigCities¤BrowserUser_Create_report" objectid="337" type="ACTION" value="269a00b9-25fa-4aa5-9481-d3ffde7b2ed7"/>
<objectids-entry key="Default zone¤MyPopulationBigCities¤BrowserUser_Create_report" objectid="338" type="ACTION" value="83542c2d-df91-4c12-9cd4-8cbfc37969fe"/>
<objectids-entry key="Default zone¤MyPopulationBigCities¤BrowserUser_Create_report" objectid="339" type="ACTION" value="41d18bc9-29d1-4d40-83d5-02df4d5a910f"/>
<objectids-entry key="Default zone¤MyPopulationBigCities¤BrowserUser_Create_report" objectid="340" type="ACTION" value="4ac45422-29c9-406b-8466-d2386e14e41c"/>
<objectids-entry key="Default zone¤MyPopulationBigCities¤BrowserUser_Create_report" objectid="341" type="ACTION" value="98774618-6ae4-4559-948a-7a3a681bcf7c"/>
<objectids-entry key="Default zone¤MyPopulationBigCities¤BrowserUser_Create_report" objectid="342" type="ACTION" value="5cc24c58-e482-4565-8389-3b52746c9b2a"/>
<objectids-entry key="Default zone¤MyPopulationBigCities¤BrowserUser_Create_report" objectid="343" type="ACTION" value="35cbb4f6-535c-42cc-a21c-e8225fe56d12"/>
<objectids-entry key="Default zone¤MyPopulationBigCities¤BrowserUser_Create_report" objectid="344" type="ACTION" value="1da1a9b9-cf3b-4e85-9fb8-beee62c9288d"/>
<objectids-entry key="Default zone¤MyPopulationBigCities¤BrowserUser_Create_report" objectid="345" type="ACTION" value="2f765873-7037-4394-9f04-dcf9b59982fb"/>
<objectids-entry key="Default zone¤MyPopulationBigCities¤BrowserUser_Create_report" objectid="346" type="ACTION" value="23ac7001-79e2-4a33-89ac-a2df39fed7de"/>
<objectids-entry key="Default zone¤MyPopulationBigCities¤BrowserUser_Create_report" objectid="347" type="ACTION" value="4d7c36cf-89b4-4110-b17b-f8098cd32cfa"/>
<objectids-entry key="Default zone¤MyPopulationBigCities¤BrowserUser_Create_report" objectid="348" type="ACTION" value="7fc0586b-cb86-45ee-94b6-916fa45e8355"/>
<objectids-entry key="Default zone¤MyPopulationBigCities¤BrowserUser_Create_report" objectid="349" type="ACTION" value="b38d09e4-0a71-433a-a979-a2a0d45d3f37"/>
<objectids-entry key="Default zone¤MyPopulationBigCities¤BrowserUser_Create_report" objectid="350" type="ACTION" value="f5b9d1df-2fdc-4bb5-ac27-652ec4ae8d57"/>
<objectids-entry key="Default zone¤MyPopulationBigCities¤BrowserUser_Create_report¤339eb312-2a5a-44af-bb55-48176fc8c2a2" objectid="351" type="SLA_THRESHOLD" value="ac9fb959-22f7-442e-880c-1e1897856dea"/>
<objectids-entry key="Default zone¤MyPopulationBigCities¤BrowserUser_Create_report¤339eb312-2a5a-44af-bb55-48176fc8c2a2" objectid="352" type="SLA_THRESHOLD" value="41d1ab5b-377c-4b2b-a5ca-61f95638db87"/>
<objectids-entry key="Default zone¤MyPopulationBigCities¤BrowserUser_Create_report¤339eb312-2a5a-44af-bb55-48176fc8c2a2" objectid="353" type="SLA_THRESHOLD" value="83fd5e37-bee5-4c2d-ab38-8a15b74cc4a5"/>
<objectids-entry key="Default zone¤MyPopulationBigCities¤BrowserUser_Create_report¤339eb312-2a5a-44af-bb55-48176fc8c2a2" objectid="354" type="SLA_THRESHOLD" value="7cab301e-c84d-4bf2-8dd5-812612446d39"/>
<objectids-entry key="Default zone¤MyPopulationBigCities¤BrowserUser_Create_report¤339eb312-2a5a-44af-bb55-48176fc8c2a2" objectid="355" type="SLA_THRESHOLD" value="6e554b18-8552-4360-8f89-57872558d507"/>
<objectids-entry key="Default zone¤MyPopulationBigCities¤BrowserUser_Create_report¤339eb312-2a5a-44af-bb55-48176fc8c2a2" objectid="356" type="SLA_THRESHOLD" value="912362e4-ef57-459f-b41e-c3a4af194504"/>
<objectids-entry key="Default zone¤MyPopulationBigCities¤BrowserUser_Create_report¤339eb312-2a5a-44af-bb55-48176fc8c2a2" objectid="357" type="SLA_THRESHOLD" value="6c277ada-b78f-4ce0-af89-45e8d9bbca7a"/>
<objectids-entry key="Default zone¤MyPopulationBigCities¤BrowserUser_Create_report¤339eb312-2a5a-44af-bb55-48176fc8c2a2" objectid="358" type="SLA_THRESHOLD" value="6a59b246-755e-4ab0-ae9b-959be60e453f"/>
<objectids-entry key="Default zone¤MyPopulationBigCities¤BrowserUser_Create_report¤339eb312-2a5a-44af-bb55-48176fc8c2a2" objectid="359" type="SLA_THRESHOLD" value="8c3e834a-fddb-4d96-a62e-9bad659f8ab3"/>
<objectids-entry key="Default zone¤MyPopulationBigCities¤BrowserUser_Create_report¤339eb312-2a5a-44af-bb55-48176fc8c2a2" objectid="360" type="SLA_THRESHOLD" value="1d3c1701-9643-457d-b0b9-2b524875b48f"/>
<objectids-entry key="Default zone¤MyPopulationBigCities¤BrowserUser_Create_report¤339eb312-2a5a-44af-bb55-48176fc8c2a2" objectid="361" type="SLA_THRESHOLD" value="6c1d4dc2-8af8-40cd-be8b-97bfed9d56b9"/>
<objectids-entry key="Default zone¤MyPopulationBigCities¤BrowserUser_Create_report¤339eb312-2a5a-44af-bb55-48176fc8c2a2" objectid="362" type="SLA_THRESHOLD" value="e63ddd5c-73f1-4a30-ba5e-91152c3e508a"/>
<objectids-entry key="Default zone¤MyPopulationBigCities¤BrowserUser_Create_report¤339eb312-2a5a-44af-bb55-48176fc8c2a2" objectid="363" type="SLA_THRESHOLD" value="1623fd56-0665-4bc5-b21d-b7215fd8825c"/>
<objectids-entry key="Default zone¤MyPopulationBigCities¤BrowserUser_Create_report¤339eb312-2a5a-44af-bb55-48176fc8c2a2" objectid="364" type="SLA_THRESHOLD" value="6e2f6bdf-e07f-42be-8263-45b7cd7c283b"/>
<objectids-entry key="Default zone¤MyPopulationBigCities¤BrowserUser_Create_report¤339eb312-2a5a-44af-bb55-48176fc8c2a2" objectid="365" type="SLA_THRESHOLD" value="6905e06a-4f7b-4887-9133-c1f4b56b943a"/>
<objectids-entry key="Default zone¤MyPopulationBigCities¤BrowserUser_Create_report" objectid="366" type="TRY" value="ac76dca3-1144-49ca-bef0-c416322901e9"/>
<objectids-entry key="Default zone¤MyPopulationBigCities¤BrowserUser_Create_report" objectid="367" type="BASIC_LOGICAL_CONTAINER" value="$parent=ac76dca3-1144-49ca-bef0-c416322901e9;$index=0"/>
<objectids-entry key="Default zone¤MyPopulationBigCities¤BrowserUser_Create_report" objectid="368" type="BASIC_LOGICAL_CONTAINER" value="eb1cee2c-2f37-43f7-a2bd-92cc6990f92f"/>
<objectids-entry key="Default zone¤MyPopulationBigCities¤BrowserUser_Create_report" objectid="369" type="HTTP_PAGE" value="f6609dac-58dd-49bc-8217-3448574263ab"/>
<objectids-entry key="Default zone¤MyPopulationBigCities¤BrowserUser_Create_report" objectid="370" type="ACTION" value="c730fd77-d6c0-435d-90f6-f90e30a66075"/>
<objectids-entry key="Default zone¤MyPopulationBigCities¤BrowserUser_Create_report" objectid="371" type="HTTP_PAGE" value="100f9a05-74f2-41bf-bade-ae1b9a5a5713"/>
<objectids-entry key="Default zone¤MyPopulationBigCities¤BrowserUser_Create_report" objectid="372" type="ACTION" value="329bfdc5-d545-46a0-b900-d85952de7ccb"/>
<objectids-entry key="Default zone¤MyPopulationBigCities¤BrowserUser_Create_report" objectid="373" type="ACTION" value="522c2504-5c12-4777-a929-d7600d50f70a"/>
<objectids-entry key="Default zone¤MyPopulationBigCities¤BrowserUser_Create_report" objectid="374" type="ACTION" value="d38cc45e-add2-40b2-94bc-1078c5e038f0"/>
<objectids-entry key="Default zone¤MyPopulationBigCities¤BrowserUser_Create_report¤eb1cee2c-2f37-43f7-a2bd-92cc6990f92f" objectid="375" type="SLA_THRESHOLD" value="ac9fb959-22f7-442e-880c-1e1897856dea"/>
<objectids-entry key="Default zone¤MyPopulationBigCities¤BrowserUser_Create_report¤eb1cee2c-2f37-43f7-a2bd-92cc6990f92f" objectid="376" type="SLA_THRESHOLD" value="41d1ab5b-377c-4b2b-a5ca-61f95638db87"/>
<objectids-entry key="Default zone¤MyPopulationBigCities¤BrowserUser_Create_report¤eb1cee2c-2f37-43f7-a2bd-92cc6990f92f" objectid="377" type="SLA_THRESHOLD" value="83fd5e37-bee5-4c2d-ab38-8a15b74cc4a5"/>
<objectids-entry key="Default zone¤MyPopulationBigCities¤BrowserUser_Create_report¤eb1cee2c-2f37-43f7-a2bd-92cc6990f92f" objectid="378" type="SLA_THRESHOLD" value="7cab301e-c84d-4bf2-8dd5-812612446d39"/>
<objectids-entry key="Default zone¤MyPopulationBigCities¤BrowserUser_Create_report¤eb1cee2c-2f37-43f7-a2bd-92cc6990f92f" objectid="379" type="SLA_THRESHOLD" value="6e554b18-8552-4360-8f89-57872558d507"/>
<objectids-entry key="Default zone¤MyPopulationBigCities¤BrowserUser_Create_report¤eb1cee2c-2f37-43f7-a2bd-92cc6990f92f" objectid="380" type="SLA_THRESHOLD" value="912362e4-ef57-459f-b41e-c3a4af194504"/>
<objectids-entry key="Default zone¤MyPopulationBigCities¤BrowserUser_Create_report¤eb1cee2c-2f37-43f7-a2bd-92cc6990f92f" objectid="381" type="SLA_THRESHOLD" value="6c277ada-b78f-4ce0-af89-45e8d9bbca7a"/>
<objectids-entry key="Default zone¤MyPopulationBigCities¤BrowserUser_Create_report¤eb1cee2c-2f37-43f7-a2bd-92cc6990f92f" objectid="382" type="SLA_THRESHOLD" value="6a59b246-755e-4ab0-ae9b-959be60e453f"/>
<objectids-entry key="Default zone¤MyPopulationBigCities¤BrowserUser_Create_report¤eb1cee2c-2f37-43f7-a2bd-92cc6990f92f" objectid="383" type="SLA_THRESHOLD" value="8c3e834a-fddb-4d96-a62e-9bad659f8ab3"/>
<objectids-entry key="Default zone¤MyPopulationBigCities¤BrowserUser_Create_report¤eb1cee2c-2f37-43f7-a2bd-92cc6990f92f" objectid="384" type="SLA_THRESHOLD" value="1d3c1701-9643-457d-b0b9-2b524875b48f"/>
<objectids-entry key="Default zone¤MyPopulationBigCities¤BrowserUser_Create_report¤eb1cee2c-2f37-43f7-a2bd-92cc6990f92f" objectid="385" type="SLA_THRESHOLD" value="6c1d4dc2-8af8-40cd-be8b-97bfed9d56b9"/>
<objectids-entry key="Default zone¤MyPopulationBigCities¤BrowserUser_Create_report¤eb1cee2c-2f37-43f7-a2bd-92cc6990f92f" objectid="386" type="SLA_THRESHOLD" value="e63ddd5c-73f1-4a30-ba5e-91152c3e508a"/>
<objectids-entry key="Default zone¤MyPopulationBigCities¤BrowserUser_Create_report¤eb1cee2c-2f37-43f7-a2bd-92cc6990f92f" objectid="387" type="SLA_THRESHOLD" value="1623fd56-0665-4bc5-b21d-b7215fd8825c"/>
<objectids-entry key="Default zone¤MyPopulationBigCities¤BrowserUser_Create_report¤eb1cee2c-2f37-43f7-a2bd-92cc6990f92f" objectid="388" type="SLA_THRESHOLD" value="6e2f6bdf-e07f-42be-8263-45b7cd7c283b"/>
<objectids-entry key="Default zone¤MyPopulationBigCities¤BrowserUser_Create_report¤eb1cee2c-2f37-43f7-a2bd-92cc6990f92f" objectid="389" type="SLA_THRESHOLD" value="6905e06a-4f7b-4887-9133-c1f4b56b943a"/>
<objectids-entry key="Default zone¤MyPopulationBigCities¤BrowserUser_Create_report" objectid="390" type="BASIC_LOGICAL_CONTAINER" value="$parent=ac76dca3-1144-49ca-bef0-c416322901e9;$index=1"/>
<objectids-entry key="Default zone¤MyPopulationBigCities¤BrowserUser_Create_report" objectid="391" type="GO_TO_NEXT_ITERATION" value="ce99fcea-8a1f-42a7-b4eb-341ea6db9cbc"/>
<objectids-entry key="Default zone¤MyPopulationBigCities¤BrowserUser_Create_report" objectid="392" type="BASIC_LOGICAL_CONTAINER" value="8dbff581-f7d7-4dc1-98f3-b2a77061d82a"/>
<objectids-entry key="Default zone¤MyPopulationBigCities¤BrowserUser_Create_report" objectid="393" type="HTTP_PAGE" value="108869bf-2246-4bff-9f55-26349cd0b4d7"/>
<objectids-entry key="Default zone¤MyPopulationBigCities¤BrowserUser_Create_report" objectid="394" type="ACTION" value="45022b78-b49b-4ad3-9f61-2835ded9fba8"/>
<objectids-entry key="Default zone¤MyPopulationBigCities¤BrowserUser_Create_report" objectid="395" type="ACTION" value="dcfcbe85-522e-4f93-9e58-6fcb95c37038"/>
<objectids-entry key="Default zone¤MyPopulationBigCities¤BrowserUser_Create_report" objectid="396" type="ACTION" value="be943a2e-2899-4bc1-9510-64b189454758"/>
<objectids-entry key="Default zone¤MyPopulationBigCities¤BrowserUser_Create_report" objectid="397" type="ACTION" value="c6ef6dcc-3208-4e7b-9268-47d6f60d8840"/>
<objectids-entry key="Default zone¤MyPopulationBigCities¤BrowserUser_Create_report" objectid="398" type="ACTION" value="e3fcf712-f25f-45ae-920c-af23775c94a1"/>
<objectids-entry key="Default zone¤MyPopulationBigCities¤BrowserUser_Create_report" objectid="399" type="ACTION" value="58981476-bc90-4cc0-8acf-ca2028483085"/>
<objectids-entry key="Default zone¤MyPopulationBigCities¤BrowserUser_Create_report" objectid="400" type="ACTION" value="a52eb43d-cbd8-47c1-8003-bc003af62b24"/>
<objectids-entry key="Default zone¤MyPopulationBigCities¤BrowserUser_Create_report" objectid="401" type="ACTION" value="090af3cd-bbcf-4302-8205-63ebdaadc008"/>
<objectids-entry key="Default zone¤MyPopulationBigCities¤BrowserUser_Create_report" objectid="402" type="ACTION" value="54cd0f36-1a0b-45f7-8744-9dc4b13d1712"/>
<objectids-entry key="Default zone¤MyPopulationBigCities¤BrowserUser_Create_report" objectid="403" type="ACTION" value="fa15f87a-e26d-4c2c-a636-33ec6880599d"/>
<objectids-entry key="Default zone¤MyPopulationBigCities¤BrowserUser_Create_report" objectid="404" type="ACTION" value="e8cee871-56eb-45f0-abc8-87498474aca8"/>
<objectids-entry key="Default zone¤MyPopulationBigCities¤BrowserUser_Create_report" objectid="405" type="ACTION" value="9ccc1882-44e3-4123-bde3-26d7d6ab3b19"/>
<objectids-entry key="Default zone¤MyPopulationBigCities¤BrowserUser_Create_report" objectid="406" type="ACTION" value="680be502-7b1d-4505-ab52-557d38ef666d"/>
<objectids-entry key="Default zone¤MyPopulationBigCities¤BrowserUser_Create_report" objectid="407" type="ACTION" value="1b5458fd-5c81-4aca-93af-884ef595ecf6"/>
<objectids-entry key="Default zone¤MyPopulationBigCities¤BrowserUser_Create_report" objectid="408" type="ACTION" value="2b99a424-e0d5-4353-9edb-8c5728d65e27"/>
<objectids-entry key="Default zone¤MyPopulationBigCities¤BrowserUser_Create_report" objectid="409" type="ACTION" value="764da50a-bb18-46a6-aca3-1f020e65e470"/>
<objectids-entry key="Default zone¤MyPopulationBigCities¤BrowserUser_Create_report" objectid="410" type="ACTION" value="6972cc33-9341-44eb-a7c8-f13137d60a14"/>
<objectids-entry key="Default zone¤MyPopulationBigCities¤BrowserUser_Create_report" objectid="411" type="ACTION" value="453b2b01-5f2b-4ad1-b437-6986f19a4378"/>
<objectids-entry key="Default zone¤MyPopulationBigCities¤BrowserUser_Create_report" objectid="412" type="ACTION" value="9adb1ea9-29b0-4748-b7b2-cee426b8f701"/>
<objectids-entry key="Default zone¤MyPopulationBigCities¤BrowserUser_Create_report¤8dbff581-f7d7-4dc1-98f3-b2a77061d82a" objectid="413" type="SLA_THRESHOLD" value="ac9fb959-22f7-442e-880c-1e1897856dea"/>
<objectids-entry key="Default zone¤MyPopulationBigCities¤BrowserUser_Create_report¤8dbff581-f7d7-4dc1-98f3-b2a77061d82a" objectid="414" type="SLA_THRESHOLD" value="41d1ab5b-377c-4b2b-a5ca-61f95638db87"/>
<objectids-entry key="Default zone¤MyPopulationBigCities¤BrowserUser_Create_report¤8dbff581-f7d7-4dc1-98f3-b2a77061d82a" objectid="415" type="SLA_THRESHOLD" value="83fd5e37-bee5-4c2d-ab38-8a15b74cc4a5"/>
<objectids-entry key="Default zone¤MyPopulationBigCities¤BrowserUser_Create_report¤8dbff581-f7d7-4dc1-98f3-b2a77061d82a" objectid="416" type="SLA_THRESHOLD" value="7cab301e-c84d-4bf2-8dd5-812612446d39"/>
<objectids-entry key="Default zone¤MyPopulationBigCities¤BrowserUser_Create_report¤8dbff581-f7d7-4dc1-98f3-b2a77061d82a" objectid="417" type="SLA_THRESHOLD" value="6e554b18-8552-4360-8f89-57872558d507"/>
<objectids-entry key="Default zone¤MyPopulationBigCities¤BrowserUser_Create_report¤8dbff581-f7d7-4dc1-98f3-b2a77061d82a" objectid="418" type="SLA_THRESHOLD" value="912362e4-ef57-459f-b41e-c3a4af194504"/>
<objectids-entry key="Default zone¤MyPopulationBigCities¤BrowserUser_Create_report¤8dbff581-f7d7-4dc1-98f3-b2a77061d82a" objectid="419" type="SLA_THRESHOLD" value="6c277ada-b78f-4ce0-af89-45e8d9bbca7a"/>
<objectids-entry key="Default zone¤MyPopulationBigCities¤BrowserUser_Create_report¤8dbff581-f7d7-4dc1-98f3-b2a77061d82a" objectid="420" type="SLA_THRESHOLD" value="6a59b246-755e-4ab0-ae9b-959be60e453f"/>
<objectids-entry key="Default zone¤MyPopulationBigCities¤BrowserUser_Create_report¤8dbff581-f7d7-4dc1-98f3-b2a77061d82a" objectid="421" type="SLA_THRESHOLD" value="8c3e834a-fddb-4d96-a62e-9bad659f8ab3"/>
<objectids-entry key="Default zone¤MyPopulationBigCities¤BrowserUser_Create_report¤8dbff581-f7d7-4dc1-98f3-b2a77061d82a" objectid="422" type="SLA_THRESHOLD" value="1d3c1701-9643-457d-b0b9-2b524875b48f"/>
<objectids-entry key="Default zone¤MyPopulationBigCities¤BrowserUser_Create_report¤8dbff581-f7d7-4dc1-98f3-b2a77061d82a" objectid="423" type="SLA_THRESHOLD" value="6c1d4dc2-8af8-40cd-be8b-97bfed9d56b9"/>
<objectids-entry key="Default zone¤MyPopulationBigCities¤BrowserUser_Create_report¤8dbff581-f7d7-4dc1-98f3-b2a77061d82a" objectid="424" type="SLA_THRESHOLD" value="e63ddd5c-73f1-4a30-ba5e-91152c3e508a"/>
<objectids-entry key="Default zone¤MyPopulationBigCities¤BrowserUser_Create_report¤8dbff581-f7d7-4dc1-98f3-b2a77061d82a" objectid="425" type="SLA_THRESHOLD" value="1623fd56-0665-4bc5-b21d-b7215fd8825c"/>
<objectids-entry key="Default zone¤MyPopulationBigCities¤BrowserUser_Create_report¤8dbff581-f7d7-4dc1-98f3-b2a77061d82a" objectid="426" type="SLA_THRESHOLD" value="6e2f6bdf-e07f-42be-8263-45b7cd7c283b"/>
<objectids-entry key="Default zone¤MyPopulationBigCities¤BrowserUser_Create_report¤8dbff581-f7d7-4dc1-98f3-b2a77061d82a" objectid="427" type="SLA_THRESHOLD" value="6905e06a-4f7b-4887-9133-c1f4b56b943a"/>
<objectids-entry key="Default zone¤MyPopulationBigCities¤BrowserUser_Create_report" objectid="428" type="BASIC_LOGICAL_CONTAINER" value="$parent=BrowserUser_Create_report;$index=2"/>
<objectids-entry key="Default zone¤Prometheus¤" objectid="429" type="POPULATION" value="Prometheus"/>
<objectids-entry key="Default zone¤Prometheus¤Prometheus" objectid="430" type="VIRTUAL_USER" value="Prometheus"/>
<objectids-entry key="Default zone¤Prometheus¤Prometheus" objectid="431" type="BASIC_LOGICAL_CONTAINER" value="$parent=Prometheus;$index=0"/>
<objectids-entry key="Default zone¤Prometheus¤Prometheus" objectid="432" type="BASIC_LOGICAL_CONTAINER" value="$parent=Prometheus;$index=1"/>
<objectids-entry key="Default zone¤Prometheus¤Prometheus" objectid="433" type="CUSTOM_ACTION" value="f12cfc54-6039-42a4-9267-fb5e5d887d05"/>
<objectids-entry key="Default zone¤Prometheus¤Prometheus" objectid="434" type="BASIC_LOGICAL_CONTAINER" value="$parent=Prometheus;$index=2"/>
<objectids-entry key="¤¤" objectid="435" type="MONITORED_HOST" value="SampleServerNode01"/>
<objectids-entry key="¤¤" objectid="436" type="MONITORCONNECTION" value="SampleServerNode01$http-apache"/>
<objectids-entry key="¤¤" objectid="437" type="MONITOR" value="SampleServerNode01$http-apache$All/Total Accesses"/>
<objectids-entry key="¤¤" objectid="438" type="MONITOR" value="SampleServerNode01$http-apache$All/Total kBytes"/>
<objectids-entry key="¤¤" objectid="439" type="MONITOR" value="SampleServerNode01$http-apache$All/Uptime"/>
<objectids-entry key="¤¤" objectid="440" type="MONITOR" value="SampleServerNode01$http-apache$All/ReqPerSec"/>
<objectids-entry key="¤¤" objectid="441" type="MONITOR" value="SampleServerNode01$http-apache$All/BytesPerSec"/>
<objectids-entry key="¤¤" objectid="442" type="MONITOR" value="SampleServerNode01$http-apache$All/BytesPerReq"/>
<objectids-entry key="¤¤" objectid="443" type="MONITOR" value="SampleServerNode01$http-apache$All/BusyWorkers"/>
<objectids-entry key="¤¤" objectid="444" type="MONITOR" value="SampleServerNode01$http-apache$All/%BusyWorkers"/>
<objectids-entry key="¤¤" objectid="445" type="THRESHOLD" value="SampleServerNode01$http-apache$e01aca1f-b304-4b49-9eb7-1e3c8322b8e5"/>
<objectids-entry key="¤¤" objectid="446" type="MONITOR" value="SampleServerNode01$http-apache$All/IdleWorkers"/>
<objectids-entry key="¤¤" objectid="447" type="MONITORED_HOST" value="SampleServerNode02"/>
<objectids-entry key="¤¤" objectid="448" type="MONITORCONNECTION" value="SampleServerNode02$http-apache"/>
<objectids-entry key="¤¤" objectid="449" type="MONITOR" value="SampleServerNode02$http-apache$All/Total Accesses"/>
<objectids-entry key="¤¤" objectid="450" type="MONITOR" value="SampleServerNode02$http-apache$All/Total kBytes"/>
<objectids-entry key="¤¤" objectid="451" type="MONITOR" value="SampleServerNode02$http-apache$All/Uptime"/>
<objectids-entry key="¤¤" objectid="452" type="MONITOR" value="SampleServerNode02$http-apache$All/ReqPerSec"/>
<objectids-entry key="¤¤" objectid="453" type="MONITOR" value="SampleServerNode02$http-apache$All/BytesPerSec"/>
<objectids-entry key="¤¤" objectid="454" type="MONITOR" value="SampleServerNode02$http-apache$All/BytesPerReq"/>
<objectids-entry key="¤¤" objectid="455" type="MONITOR" value="SampleServerNode02$http-apache$All/BusyWorkers"/>
<objectids-entry key="¤¤" objectid="456" type="MONITOR" value="SampleServerNode02$http-apache$All/%BusyWorkers"/>
<objectids-entry key="¤¤" objectid="457" type="THRESHOLD" value="SampleServerNode02$http-apache$a1f02f45-8f98-405d-9b8c-94308fafc6b3"/>
<objectids-entry key="¤¤" objectid="458" type="MONITOR" value="SampleServerNode02$http-apache$All/IdleWorkers"/>
<objectids-entry key="¤¤" objectid="459" type="MONITORED_HOST" value="NeoLoad"/>
<objectids-entry key="¤¤" objectid="460" type="MONITORCONNECTION" value="NeoLoad$NeoLoad"/>
<objectids-entry key="¤¤" objectid="461" type="MONITOR" value="NeoLoad$NeoLoad$UserLoad"/>
<objectids-entry key="¤¤" objectid="462" type="MONITOR" value="NeoLoad$NeoLoad$throughput"/>
<objectids-entry key="¤¤" objectid="463" type="MONITOR" value="NeoLoad$NeoLoad$Alerts"/>
<objectids-entry key="¤¤" objectid="464" type="MONITOR" value="NeoLoad$NeoLoad$CriticalAlerts"/>
<objectids-entry key="¤¤" objectid="465" type="MONITOR" value="NeoLoad$NeoLoad$WarningAlerts"/>
<objectids-entry key="¤¤" objectid="466" type="MONITOR" value="NeoLoad$NeoLoad$cpu"/>
<objectids-entry key="¤¤" objectid="467" type="THRESHOLD" value="NeoLoad$NeoLoad$a1ac106d-6437-4801-970a-7245d4b0c7eb"/>
<objectids-entry key="¤¤" objectid="468" type="MONITOR" value="NeoLoad$NeoLoad$memory"/>
<objectids-entry key="¤¤" objectid="469" type="THRESHOLD" value="NeoLoad$NeoLoad$bda0929e-d5ca-4317-bd2c-2e70ee706ef2"/>
<objectids-entry key="¤¤" objectid="470" type="MONITOR" value="NeoLoad$NeoLoad$threadcount"/>
<objectids-entry key="¤¤" objectid="471" type="MONITOR" value="NeoLoad$NeoLoad$connectedlg"/>
<objectids-entry key="¤¤" objectid="472" type="MONITOR" value="NeoLoad$NeoLoad$totallgdisconnections"/>
<objectids-entry key="¤¤" objectid="473" type="THRESHOLD" value="NeoLoad$NeoLoad$818eb4e3-7dc8-41a8-93a3-f30385a82138"/>
<objectids-entry key="¤¤" objectid="474" type="MONITOR" value="NeoLoad$NeoLoad$totallgreconnections"/>
<objectids-entry key="¤¤" objectid="475" type="MONITOR" value="NeoLoad$NeoLoad$otcp.NeoLoad"/>
<objectids-entry key="¤¤" objectid="476" type="MONITOR" value="NeoLoad$NeoLoad$tcp.NeoLoad"/>
<objectids-entry key="¤¤" objectid="477" type="MONITOR" value="NeoLoad$NeoLoad$ibytesperinterface~NeoLoad~wlp2s0"/>
<objectids-entry key="¤¤" objectid="478" type="MONITOR" value="NeoLoad$NeoLoad$obytesperinterface~NeoLoad~wlp2s0"/>
<objectids-entry key="¤¤" objectid="479" type="MONITOR" value="NeoLoad$NeoLoad$nlwebdownload"/>
<objectids-entry key="¤¤" objectid="480" type="MONITOR" value="NeoLoad$NeoLoad$nlwebupload"/>
<objectids-entry key="¤¤" objectid="481" type="MONITOR" value="NeoLoad$NeoLoad$SapUserLoad"/>
<objectids-entry key="¤¤" objectid="482" type="MONITOR" value="NeoLoad$NeoLoad$CitrixUserLoad"/>
<objectids-entry key="¤¤" objectid="483" type="MONITOR" value="NeoLoad$NeoLoad$zoneuserload~Default zone"/>
<objectids-entry key="¤¤" objectid="484" type="MONITOR" value="NeoLoad$NeoLoad$zoneuserloadperpopulation~Default zone~MyPopulationSmallCities"/>
<objectids-entry key="¤¤" objectid="485" type="MONITOR" value="NeoLoad$NeoLoad$zoneuserloadperpopulation~Default zone~MyPopulationSmallCities~MyiPhoneUser_Create_report"/>
<objectids-entry key="¤¤" objectid="486" type="MONITOR" value="NeoLoad$NeoLoad$zoneuserloadperpopulation~Default zone~MyPopulationSmallCities~BrowserUser_Create_report"/>
<objectids-entry key="¤¤" objectid="487" type="MONITOR" value="NeoLoad$NeoLoad$zoneuserloadperpopulation~Default zone~MyPopulationBigCities"/>
<objectids-entry key="¤¤" objectid="488" type="MONITOR" value="NeoLoad$NeoLoad$zoneuserloadperpopulation~Default zone~MyPopulationBigCities~MyiPhoneUser_Create_report"/>
<objectids-entry key="¤¤" objectid="489" type="MONITOR" value="NeoLoad$NeoLoad$zoneuserloadperpopulation~Default zone~MyPopulationBigCities~BrowserUser_Create_report"/>
<objectids-entry key="¤¤" objectid="490" type="MONITOR" value="NeoLoad$NeoLoad$zoneuserloadperpopulation~Default zone~Prometheus"/>
<objectids-entry key="¤¤" objectid="491" type="MONITOR" value="NeoLoad$NeoLoad$zoneuserloadperpopulation~Default zone~Prometheus~Prometheus"/>
<objectids-entry key="¤¤" objectid="492" type="MONITORED_HOST" value="LG localhost:7100"/>
<objectids-entry key="¤¤" objectid="493" type="MONITORCONNECTION" value="LG localhost:7100$NeoLoad"/>
<objectids-entry key="¤¤" objectid="494" type="MONITOR" value="LG localhost:7100$NeoLoad$lgcpu.localhost:7100"/>
<objectids-entry key="¤¤" objectid="495" type="THRESHOLD" value="LG localhost:7100$NeoLoad$e6af9468-7cc6-4f37-9c5d-c4df53ef5516"/>
<objectids-entry key="¤¤" objectid="496" type="MONITOR" value="LG localhost:7100$NeoLoad$lgmemory.localhost:7100"/>
<objectids-entry key="¤¤" objectid="497" type="THRESHOLD" value="LG localhost:7100$NeoLoad$e6a1f4ba-2d37-47d4-9250-fa42cef41115"/>
<objectids-entry key="¤¤" objectid="498" type="MONITOR" value="LG localhost:7100$NeoLoad$lgthroughput.localhost:7100"/>
<objectids-entry key="¤¤" objectid="499" type="MONITOR" value="LG localhost:7100$NeoLoad$lguserloadperpopulation~localhost:7100"/>
<objectids-entry key="¤¤" objectid="500" type="MONITOR" value="LG localhost:7100$NeoLoad$lgthreadcount.localhost:7100"/>
<objectids-entry key="¤¤" objectid="501" type="MONITOR" value="LG localhost:7100$NeoLoad$lg.jetty.httpclient.threadpool.used.localhost:7100"/>
<objectids-entry key="¤¤" objectid="502" type="MONITOR" value="LG localhost:7100$NeoLoad$lg.jetty.httpclient.taskpool.used.localhost:7100"/>
<objectids-entry key="¤¤" objectid="503" type="THRESHOLD" value="LG localhost:7100$NeoLoad$f9dc6c71-9ee8-4540-9af4-c2a0f10869dd"/>
<objectids-entry key="¤¤" objectid="504" type="MONITOR" value="LG localhost:7100$NeoLoad$lgdisconnections.localhost:7100"/>
<objectids-entry key="¤¤" objectid="505" type="MONITOR" value="LG localhost:7100$NeoLoad$lgreconnections.localhost:7100"/>
<objectids-entry key="¤¤" objectid="506" type="MONITOR" value="LG localhost:7100$NeoLoad$lgping.localhost:7100"/>
<objectids-entry key="¤¤" objectid="507" type="MONITOR" value="LG localhost:7100$NeoLoad$lgotcp.localhost:7100"/>
<objectids-entry key="¤¤" objectid="508" type="MONITOR" value="LG localhost:7100$NeoLoad$lgtcp.localhost:7100"/>
<objectids-entry key="¤¤" objectid="509" type="MONITOR" value="LG localhost:7100$NeoLoad$lgibytesperinterface~localhost:7100~wlp2s0"/>
<objectids-entry key="¤¤" objectid="510" type="MONITOR" value="LG localhost:7100$NeoLoad$lgobytesperinterface~localhost:7100~wlp2s0"/>
</objectids-table>
<!--****** DURATION ******-->
<duration value="115123"/>
<!--****** AGGREGATION PERIOD ******-->
<aggregation-period value="1000"/>
<!--****** EXTENDED STATISTICS ******-->
<truncated-mean centered-interval="true" percentage="90"/>
<percentile percentage="50"/>
</project>
